seq,t_us,dt_us,raw,ticks,theta,omega,agc,status,i2c_errors
0.0,242044035.0,2000.0,1564.0,0.0,0.0,-14.91029,72.0,103.0,0.0
1.0,242046035.0,2000.0,1564.0,0.0,0.0,-13.12106,-1.0,-1.0,0.0
2.0,242048038.0,2003.0,1564.0,0.0,0.0,-11.54653,-1.0,-1.0,0.0
3.0,242050038.0,2000.0,1564.0,0.0,0.0,-10.16095,-1.0,-1.0,0.0
4.0,242052042.0,2004.0,1564.0,0.0,0.0,-8.94163,-1.0,-1.0,0.0
5.0,242054046.0,2004.0,1564.0,0.0,0.0,-7.86864,-1.0,-1.0,0.0
6.0,242056049.0,2003.0,1564.0,0.0,0.0,-6.9244,-1.0,-1.0,0.0
7.0,242058054.0,2005.0,1564.0,0.0,0.0,-6.09347,-1.0,-1.0,0.0
8.0,242060054.0,2000.0,1564.0,0.0,0.0,-5.36226,-1.0,-1.0,0.0
9.0,242062062.0,2008.0,1564.0,0.0,0.0,-4.71879,-1.0,-1.0,0.0
10.0,242064067.0,2005.0,1564.0,0.0,0.0,-4.15253,-1.0,-1.0,0.0
11.0,242066070.0,2003.0,1564.0,0.0,0.0,-3.65423,-1.0,-1.0,0.0
12.0,242068070.0,2000.0,1564.0,0.0,0.0,-3.21572,-1.0,-1.0,0.0
13.0,242070070.0,2000.0,1564.0,0.0,0.0,-2.82983,-1.0,-1.0,0.0
14.0,242072070.0,2000.0,1564.0,0.0,0.0,-2.49025,-1.0,-1.0,0.0
15.0,242074070.0,2000.0,1564.0,0.0,0.0,-2.19142,-1.0,-1.0,0.0
16.0,242076070.0,2000.0,1564.0,0.0,0.0,-1.92845,-1.0,-1.0,0.0
17.0,242078071.0,2001.0,1564.0,0.0,0.0,-1.69704,-1.0,-1.0,0.0
18.0,242080078.0,2007.0,1564.0,0.0,0.0,-1.49339,-1.0,-1.0,0.0
19.0,242082078.0,2000.0,1564.0,0.0,0.0,-1.31419,-1.0,-1.0,0.0
20.0,242084078.0,2000.0,1564.0,0.0,0.0,-1.15648,-1.0,-1.0,0.0
21.0,242086078.0,2000.0,1564.0,0.0,0.0,-1.01771,-1.0,-1.0,0.0
22.0,242088078.0,2000.0,1564.0,0.0,0.0,-0.89558,-1.0,-1.0,0.0
23.0,242090081.0,2003.0,1564.0,0.0,0.0,-0.78811,-1.0,-1.0,0.0
24.0,242092081.0,2000.0,1564.0,0.0,0.0,-0.69354,-1.0,-1.0,0.0
25.0,242094085.0,2004.0,1564.0,0.0,0.0,-0.61031,72.0,103.0,0.0
26.0,242096089.0,2004.0,1564.0,0.0,0.0,-0.53708,-1.0,-1.0,0.0
27.0,242098093.0,2004.0,1564.0,0.0,0.0,-0.47263,-1.0,-1.0,0.0
28.0,242100096.0,2003.0,1564.0,0.0,0.0,-0.41591,-1.0,-1.0,0.0
29.0,242102100.0,2004.0,1564.0,0.0,0.0,-0.366,-1.0,-1.0,0.0
30.0,242104104.0,2004.0,1564.0,0.0,0.0,-0.32208,-1.0,-1.0,0.0
31.0,242106107.0,2003.0,1564.0,0.0,0.0,-0.28343,-1.0,-1.0,0.0
32.0,242108108.0,2001.0,1564.0,0.0,0.0,-0.24942,-1.0,-1.0,0.0
33.0,242110108.0,2000.0,1564.0,0.0,0.0,-0.21949,-1.0,-1.0,0.0
34.0,242112108.0,2000.0,1564.0,0.0,0.0,-0.19315,-1.0,-1.0,0.0
35.0,242114111.0,2003.0,1564.0,0.0,0.0,-0.16997,-1.0,-1.0,0.0
36.0,242116112.0,2001.0,1564.0,0.0,0.0,-0.14958,-1.0,-1.0,0.0
37.0,242118119.0,2007.0,1564.0,0.0,0.0,-0.13163,-1.0,-1.0,0.0
38.0,242120119.0,2000.0,1564.0,0.0,0.0,-0.11583,-1.0,-1.0,0.0
39.0,242122122.0,2003.0,1564.0,0.0,0.0,-0.10193,-1.0,-1.0,0.0
40.0,242124122.0,2000.0,1564.0,0.0,0.0,-0.0897,-1.0,-1.0,0.0
41.0,242126126.0,2004.0,1564.0,0.0,0.0,-0.07894,-1.0,-1.0,0.0
42.0,242128130.0,2004.0,1564.0,0.0,0.0,-0.06946,-1.0,-1.0,0.0
43.0,242130130.0,2000.0,1564.0,0.0,0.0,-0.06113,-1.0,-1.0,0.0
44.0,242132134.0,2004.0,1564.0,0.0,0.0,-0.05379,-1.0,-1.0,0.0
45.0,242134137.0,2003.0,1564.0,0.0,0.0,-0.04734,-1.0,-1.0,0.0
46.0,242136137.0,2000.0,1564.0,0.0,0.0,-0.04166,-1.0,-1.0,0.0
47.0,242138141.0,2004.0,1564.0,0.0,0.0,-0.03666,-1.0,-1.0,0.0
48.0,242140145.0,2004.0,1564.0,0.0,0.0,-0.03226,-1.0,-1.0,0.0
49.0,242142145.0,2000.0,1564.0,0.0,0.0,-0.02839,-1.0,-1.0,0.0
50.0,242144151.0,2006.0,1564.0,0.0,0.0,-0.02498,72.0,103.0,0.0
51.0,242146152.0,2001.0,1564.0,0.0,0.0,-0.02198,-1.0,-1.0,0.0
52.0,242148156.0,2004.0,1564.0,0.0,0.0,-0.01935,-1.0,-1.0,0.0
53.0,242150160.0,2004.0,1564.0,0.0,0.0,-0.01702,-1.0,-1.0,0.0
54.0,242152167.0,2007.0,1564.0,0.0,0.0,-0.01498,-1.0,-1.0,0.0
55.0,242154171.0,2004.0,1564.0,0.0,0.0,-0.01318,-1.0,-1.0,0.0
56.0,242156174.0,2003.0,1564.0,0.0,0.0,-0.0116,-1.0,-1.0,0.0
57.0,242158178.0,2004.0,1564.0,0.0,0.0,-0.01021,-1.0,-1.0,0.0
58.0,242160182.0,2004.0,1564.0,0.0,0.0,-0.00898,-1.0,-1.0,0.0
59.0,242162182.0,2000.0,1564.0,0.0,0.0,-0.00791,-1.0,-1.0,0.0
60.0,242164185.0,2003.0,1564.0,0.0,0.0,-0.00696,-1.0,-1.0,0.0
61.0,242166185.0,2000.0,1564.0,0.0,0.0,-0.00612,-1.0,-1.0,0.0
62.0,242168186.0,2001.0,1564.0,0.0,0.0,-0.00539,-1.0,-1.0,0.0
63.0,242170186.0,2000.0,1564.0,0.0,0.0,-0.00474,-1.0,-1.0,0.0
64.0,242172189.0,2003.0,1564.0,0.0,0.0,-0.00417,-1.0,-1.0,0.0
65.0,242174189.0,2000.0,1564.0,0.0,0.0,-0.00367,-1.0,-1.0,0.0
66.0,242176190.0,2001.0,1564.0,0.0,0.0,-0.00323,-1.0,-1.0,0.0
67.0,242178197.0,2007.0,1564.0,0.0,0.0,-0.00284,-1.0,-1.0,0.0
68.0,242180197.0,2000.0,1564.0,0.0,0.0,-0.0025,-1.0,-1.0,0.0
69.0,242182197.0,2000.0,1564.0,0.0,0.0,-0.0022,-1.0,-1.0,0.0
70.0,242184197.0,2000.0,1564.0,0.0,0.0,-0.00194,-1.0,-1.0,0.0
71.0,242186200.0,2003.0,1564.0,0.0,0.0,-0.00171,-1.0,-1.0,0.0
72.0,242188200.0,2000.0,1564.0,0.0,0.0,-0.0015,-1.0,-1.0,0.0
73.0,242190200.0,2000.0,1564.0,0.0,0.0,-0.00132,-1.0,-1.0,0.0
74.0,242192200.0,2000.0,1564.0,0.0,0.0,-0.00116,-1.0,-1.0,0.0
75.0,242194208.0,2008.0,1564.0,0.0,0.0,-0.00102,72.0,103.0,0.0
76.0,242196208.0,2000.0,1564.0,0.0,0.0,-0.0009,-1.0,-1.0,0.0
77.0,242198212.0,2004.0,1564.0,0.0,0.0,-0.00079,-1.0,-1.0,0.0
78.0,242200212.0,2000.0,1564.0,0.0,0.0,-0.0007,-1.0,-1.0,0.0
79.0,242202212.0,2000.0,1564.0,0.0,0.0,-0.00061,-1.0,-1.0,0.0
80.0,242204212.0,2000.0,1564.0,0.0,0.0,-0.00054,-1.0,-1.0,0.0
81.0,242206215.0,2003.0,1564.0,0.0,0.0,-0.00047,-1.0,-1.0,0.0
82.0,242208216.0,2001.0,1564.0,0.0,0.0,-0.00042,-1.0,-1.0,0.0
83.0,242210219.0,2003.0,1564.0,0.0,0.0,-0.00037,-1.0,-1.0,0.0
84.0,242212223.0,2004.0,1564.0,0.0,0.0,-0.00032,-1.0,-1.0,0.0
85.0,242214223.0,2000.0,1564.0,0.0,0.0,-0.00028,-1.0,-1.0,0.0
86.0,242216223.0,2000.0,1564.0,0.0,0.0,-0.00025,-1.0,-1.0,0.0
87.0,242218227.0,2004.0,1564.0,0.0,0.0,-0.00022,-1.0,-1.0,0.0
88.0,242220227.0,2000.0,1564.0,0.0,0.0,-0.00019,-1.0,-1.0,0.0
89.0,242222227.0,2000.0,1564.0,0.0,0.0,-0.00017,-1.0,-1.0,0.0
90.0,242224227.0,2000.0,1564.0,0.0,0.0,-0.00015,-1.0,-1.0,0.0
91.0,242226234.0,2007.0,1564.0,0.0,0.0,-0.00013,-1.0,-1.0,0.0
92.0,242228234.0,2000.0,1564.0,0.0,0.0,-0.00012,-1.0,-1.0,0.0
93.0,242230234.0,2000.0,1564.0,0.0,0.0,-0.0001,-1.0,-1.0,0.0
94.0,242232234.0,2000.0,1564.0,0.0,0.0,-9e-05,-1.0,-1.0,0.0
95.0,242234234.0,2000.0,1564.0,0.0,0.0,-8e-05,-1.0,-1.0,0.0
96.0,242236234.0,2000.0,1564.0,0.0,0.0,-7e-05,-1.0,-1.0,0.0
97.0,242238234.0,2000.0,1564.0,0.0,0.0,-6e-05,-1.0,-1.0,0.0
98.0,242240234.0,2000.0,1564.0,0.0,0.0,-5e-05,-1.0,-1.0,0.0
99.0,242242234.0,2000.0,1564.0,0.0,0.0,-5e-05,-1.0,-1.0,0.0
100.0,242244234.0,2000.0,1564.0,0.0,0.0,-4e-05,72.0,103.0,0.0
101.0,242246238.0,2004.0,1564.0,0.0,0.0,-4e-05,-1.0,-1.0,0.0
102.0,242248241.0,2003.0,1564.0,0.0,0.0,-3e-05,-1.0,-1.0,0.0
103.0,242250242.0,2001.0,1564.0,0.0,0.0,-3e-05,-1.0,-1.0,0.0
104.0,242252245.0,2003.0,1564.0,0.0,0.0,-3e-05,-1.0,-1.0,0.0
105.0,242254245.0,2000.0,1564.0,0.0,0.0,-2e-05,-1.0,-1.0,0.0
106.0,242256245.0,2000.0,1564.0,0.0,0.0,-2e-05,-1.0,-1.0,0.0
107.0,242258245.0,2000.0,1564.0,0.0,0.0,-2e-05,-1.0,-1.0,0.0
108.0,242260246.0,2001.0,1564.0,0.0,0.0,-2e-05,-1.0,-1.0,0.0
109.0,242262246.0,2000.0,1564.0,0.0,0.0,-1e-05,-1.0,-1.0,0.0
110.0,242264253.0,2007.0,1564.0,0.0,0.0,-1e-05,-1.0,-1.0,0.0
111.0,242266253.0,2000.0,1564.0,0.0,0.0,-1e-05,-1.0,-1.0,0.0
112.0,242268253.0,2000.0,1564.0,0.0,0.0,-1e-05,-1.0,-1.0,0.0
113.0,242270253.0,2000.0,1564.0,0.0,0.0,-1e-05,-1.0,-1.0,0.0
114.0,242272253.0,2000.0,1564.0,0.0,0.0,-1e-05,-1.0,-1.0,0.0
115.0,242274253.0,2000.0,1564.0,0.0,0.0,-1e-05,-1.0,-1.0,0.0
116.0,242276253.0,2000.0,1564.0,0.0,0.0,-1e-05,-1.0,-1.0,0.0
117.0,242278253.0,2000.0,1564.0,0.0,0.0,-0.0,-1.0,-1.0,0.0
118.0,242280253.0,2000.0,1564.0,0.0,0.0,-0.0,-1.0,-1.0,0.0
119.0,242282253.0,2000.0,1564.0,0.0,0.0,-0.0,-1.0,-1.0,0.0
120.0,242284253.0,2000.0,1564.0,0.0,0.0,-0.0,-1.0,-1.0,0.0
121.0,242286253.0,2000.0,1564.0,0.0,0.0,-0.0,-1.0,-1.0,0.0
122.0,242288253.0,2000.0,1564.0,0.0,0.0,-0.0,-1.0,-1.0,0.0
123.0,242290253.0,2000.0,1564.0,0.0,0.0,-0.0,-1.0,-1.0,0.0
124.0,242292253.0,2000.0,1564.0,0.0,0.0,-0.0,-1.0,-1.0,0.0
125.0,242294253.0,2000.0,1564.0,0.0,0.0,-0.0,72.0,103.0,0.0
126.0,242296256.0,2003.0,1564.0,0.0,0.0,-0.0,-1.0,-1.0,0.0
127.0,242298260.0,2004.0,1564.0,0.0,0.0,-0.0,-1.0,-1.0,0.0
128.0,242300260.0,2000.0,1564.0,0.0,0.0,-0.0,-1.0,-1.0,0.0
129.0,242302260.0,2000.0,1564.0,0.0,0.0,-0.0,-1.0,-1.0,0.0
130.0,242304260.0,2000.0,1564.0,0.0,0.0,-0.0,-1.0,-1.0,0.0
131.0,242306260.0,2000.0,1564.0,0.0,0.0,-0.0,-1.0,-1.0,0.0
132.0,242308260.0,2000.0,1564.0,0.0,0.0,-0.0,-1.0,-1.0,0.0
133.0,242310264.0,2004.0,1564.0,0.0,0.0,-0.0,-1.0,-1.0,0.0
134.0,242312268.0,2004.0,1564.0,0.0,0.0,-0.0,-1.0,-1.0,0.0
135.0,242314271.0,2003.0,1564.0,0.0,0.0,-0.0,-1.0,-1.0,0.0
136.0,242316275.0,2004.0,1564.0,0.0,0.0,-0.0,-1.0,-1.0,0.0
137.0,242318279.0,2004.0,1564.0,0.0,0.0,-0.0,-1.0,-1.0,0.0
138.0,242320283.0,2004.0,1564.0,0.0,0.0,-0.0,-1.0,-1.0,0.0
139.0,242322289.0,2006.0,1564.0,0.0,0.0,-0.0,-1.0,-1.0,0.0
140.0,242324293.0,2004.0,1564.0,0.0,0.0,-0.0,-1.0,-1.0,0.0
141.0,242326297.0,2004.0,1564.0,0.0,0.0,-0.0,-1.0,-1.0,0.0
142.0,242328301.0,2004.0,1564.0,0.0,0.0,-0.0,-1.0,-1.0,0.0
143.0,242330305.0,2004.0,1564.0,0.0,0.0,-0.0,-1.0,-1.0,0.0
144.0,242332308.0,2003.0,1564.0,0.0,0.0,-0.0,-1.0,-1.0,0.0
145.0,242334312.0,2004.0,1564.0,0.0,0.0,-0.0,-1.0,-1.0,0.0
146.0,242336316.0,2004.0,1564.0,0.0,0.0,-0.0,-1.0,-1.0,0.0
147.0,242338320.0,2004.0,1564.0,0.0,0.0,-0.0,-1.0,-1.0,0.0
148.0,242340323.0,2003.0,1564.0,0.0,0.0,-0.0,-1.0,-1.0,0.0
149.0,242342327.0,2004.0,1564.0,0.0,0.0,-0.0,-1.0,-1.0,0.0
150.0,242344327.0,2000.0,1564.0,0.0,0.0,-0.0,72.0,103.0,0.0
151.0,242346330.0,2003.0,1564.0,0.0,0.0,-0.0,-1.0,-1.0,0.0
152.0,242348334.0,2004.0,1564.0,0.0,0.0,-0.0,-1.0,-1.0,0.0
153.0,242350334.0,2000.0,1564.0,0.0,0.0,-0.0,-1.0,-1.0,0.0
154.0,242352334.0,2000.0,1564.0,0.0,0.0,-0.0,-1.0,-1.0,0.0
155.0,242354338.0,2004.0,1564.0,0.0,0.0,-0.0,-1.0,-1.0,0.0
156.0,242356342.0,2004.0,1564.0,0.0,0.0,-0.0,-1.0,-1.0,0.0
157.0,242358349.0,2007.0,1564.0,0.0,0.0,-0.0,-1.0,-1.0,0.0
158.0,242360349.0,2000.0,1564.0,0.0,0.0,-0.0,-1.0,-1.0,0.0
159.0,242362349.0,2000.0,1564.0,0.0,0.0,-0.0,-1.0,-1.0,0.0
160.0,242364349.0,2000.0,1564.0,0.0,0.0,-0.0,-1.0,-1.0,0.0
161.0,242366349.0,2000.0,1564.0,0.0,0.0,-0.0,-1.0,-1.0,0.0
162.0,242368349.0,2000.0,1564.0,0.0,0.0,-0.0,-1.0,-1.0,0.0
163.0,242370349.0,2000.0,1564.0,0.0,0.0,-0.0,-1.0,-1.0,0.0
164.0,242372349.0,2000.0,1564.0,0.0,0.0,-0.0,-1.0,-1.0,0.0
165.0,242374349.0,2000.0,1564.0,0.0,0.0,-0.0,-1.0,-1.0,0.0
166.0,242376349.0,2000.0,1564.0,0.0,0.0,-0.0,-1.0,-1.0,0.0
167.0,242378349.0,2000.0,1564.0,0.0,0.0,-0.0,-1.0,-1.0,0.0
168.0,242380349.0,2000.0,1564.0,0.0,0.0,-0.0,-1.0,-1.0,0.0
169.0,242382349.0,2000.0,1564.0,0.0,0.0,-0.0,-1.0,-1.0,0.0
170.0,242384349.0,2000.0,1564.0,0.0,0.0,-0.0,-1.0,-1.0,0.0
171.0,242386349.0,2000.0,1564.0,0.0,0.0,-0.0,-1.0,-1.0,0.0
172.0,242388349.0,2000.0,1564.0,0.0,0.0,-0.0,-1.0,-1.0,0.0
173.0,242390349.0,2000.0,1564.0,0.0,0.0,-0.0,-1.0,-1.0,0.0
174.0,242392349.0,2000.0,1564.0,0.0,0.0,-0.0,-1.0,-1.0,0.0
175.0,242394349.0,2000.0,1564.0,0.0,0.0,-0.0,72.0,103.0,0.0
176.0,242396352.0,2003.0,1564.0,0.0,0.0,-0.0,-1.0,-1.0,0.0
177.0,242398357.0,2005.0,1564.0,0.0,0.0,-0.0,-1.0,-1.0,0.0
178.0,242400357.0,2000.0,1564.0,0.0,0.0,-0.0,-1.0,-1.0,0.0
179.0,242402364.0,2007.0,1564.0,0.0,0.0,-0.0,-1.0,-1.0,0.0
180.0,242404364.0,2000.0,1564.0,0.0,0.0,-0.0,-1.0,-1.0,0.0
181.0,242406364.0,2000.0,1564.0,0.0,0.0,-0.0,-1.0,-1.0,0.0
182.0,242408364.0,2000.0,1564.0,0.0,0.0,-0.0,-1.0,-1.0,0.0
183.0,242410364.0,2000.0,1564.0,0.0,0.0,-0.0,-1.0,-1.0,0.0
184.0,242412364.0,2000.0,1564.0,0.0,0.0,-0.0,-1.0,-1.0,0.0
185.0,242414364.0,2000.0,1564.0,0.0,0.0,-0.0,-1.0,-1.0,0.0
186.0,242416364.0,2000.0,1564.0,0.0,0.0,-0.0,-1.0,-1.0,0.0
187.0,242418364.0,2000.0,1564.0,0.0,0.0,-0.0,-1.0,-1.0,0.0
188.0,242420364.0,2000.0,1564.0,0.0,0.0,-0.0,-1.0,-1.0,0.0
189.0,242422364.0,2000.0,1564.0,0.0,0.0,-0.0,-1.0,-1.0,0.0
190.0,242424364.0,2000.0,1564.0,0.0,0.0,-0.0,-1.0,-1.0,0.0
191.0,242426364.0,2000.0,1564.0,0.0,0.0,-0.0,-1.0,-1.0,0.0
192.0,242428364.0,2000.0,1564.0,0.0,0.0,-0.0,-1.0,-1.0,0.0
193.0,242430364.0,2000.0,1564.0,0.0,0.0,-0.0,-1.0,-1.0,0.0
194.0,242432364.0,2000.0,1564.0,0.0,0.0,-0.0,-1.0,-1.0,0.0
195.0,242434364.0,2000.0,1564.0,0.0,0.0,-0.0,-1.0,-1.0,0.0
196.0,242436364.0,2000.0,1564.0,0.0,0.0,-0.0,-1.0,-1.0,0.0
197.0,242438364.0,2000.0,1564.0,0.0,0.0,-0.0,-1.0,-1.0,0.0
198.0,242440364.0,2000.0,1564.0,0.0,0.0,-0.0,-1.0,-1.0,0.0
199.0,242442364.0,2000.0,1564.0,0.0,0.0,-0.0,-1.0,-1.0,0.0
200.0,242444364.0,2000.0,1564.0,0.0,0.0,-0.0,72.0,103.0,0.0
201.0,242446364.0,2000.0,1564.0,0.0,0.0,-0.0,-1.0,-1.0,0.0
202.0,242448368.0,2004.0,1564.0,0.0,0.0,-0.0,-1.0,-1.0,0.0
203.0,242450368.0,2000.0,1564.0,0.0,0.0,-0.0,-1.0,-1.0,0.0
204.0,242452368.0,2000.0,1564.0,0.0,0.0,-0.0,-1.0,-1.0,0.0
205.0,242454368.0,2000.0,1564.0,0.0,0.0,-0.0,-1.0,-1.0,0.0
206.0,242456375.0,2007.0,1564.0,0.0,0.0,-0.0,-1.0,-1.0,0.0
207.0,242458379.0,2004.0,1564.0,0.0,0.0,-0.0,-1.0,-1.0,0.0
208.0,242460379.0,2000.0,1564.0,0.0,0.0,-0.0,-1.0,-1.0,0.0
209.0,242462379.0,2000.0,1564.0,0.0,0.0,-0.0,-1.0,-1.0,0.0
210.0,242464379.0,2000.0,1564.0,0.0,0.0,-0.0,-1.0,-1.0,0.0
211.0,242466379.0,2000.0,1564.0,0.0,0.0,-0.0,-1.0,-1.0,0.0
212.0,242468379.0,2000.0,1564.0,0.0,0.0,-0.0,-1.0,-1.0,0.0
213.0,242470379.0,2000.0,1564.0,0.0,0.0,-0.0,-1.0,-1.0,0.0
214.0,242472379.0,2000.0,1564.0,0.0,0.0,-0.0,-1.0,-1.0,0.0
215.0,242474379.0,2000.0,1564.0,0.0,0.0,-0.0,-1.0,-1.0,0.0
216.0,242476379.0,2000.0,1564.0,0.0,0.0,-0.0,-1.0,-1.0,0.0
217.0,242478379.0,2000.0,1564.0,0.0,0.0,-0.0,-1.0,-1.0,0.0
218.0,242480379.0,2000.0,1564.0,0.0,0.0,-0.0,-1.0,-1.0,0.0
219.0,242482379.0,2000.0,1564.0,0.0,0.0,-0.0,-1.0,-1.0,0.0
220.0,242484379.0,2000.0,1564.0,0.0,0.0,-0.0,-1.0,-1.0,0.0
221.0,242486379.0,2000.0,1564.0,0.0,0.0,-0.0,-1.0,-1.0,0.0
222.0,242488379.0,2000.0,1564.0,0.0,0.0,-0.0,-1.0,-1.0,0.0
223.0,242490382.0,2003.0,1564.0,0.0,0.0,-0.0,-1.0,-1.0,0.0
224.0,242492382.0,2000.0,1564.0,0.0,0.0,-0.0,-1.0,-1.0,0.0
225.0,242494382.0,2000.0,1564.0,0.0,0.0,-0.0,72.0,103.0,0.0
226.0,242496382.0,2000.0,1564.0,0.0,0.0,-0.0,-1.0,-1.0,0.0
227.0,242498386.0,2004.0,1564.0,0.0,0.0,-0.0,-1.0,-1.0,0.0
228.0,242500387.0,2001.0,1564.0,0.0,0.0,-0.0,-1.0,-1.0,0.0
229.0,242502387.0,2000.0,1564.0,0.0,0.0,-0.0,-1.0,-1.0,0.0
230.0,242504389.0,2002.0,1564.0,0.0,0.0,-0.0,-1.0,-1.0,0.0
231.0,242506390.0,2001.0,1564.0,0.0,0.0,-0.0,-1.0,-1.0,0.0
232.0,242508390.0,2000.0,1564.0,0.0,0.0,-0.0,-1.0,-1.0,0.0
233.0,242510390.0,2000.0,1564.0,0.0,0.0,-0.0,-1.0,-1.0,0.0
234.0,242512390.0,2000.0,1564.0,0.0,0.0,-0.0,-1.0,-1.0,0.0
235.0,242514390.0,2000.0,1564.0,0.0,0.0,-0.0,-1.0,-1.0,0.0
236.0,242516390.0,2000.0,1564.0,0.0,0.0,-0.0,-1.0,-1.0,0.0
237.0,242518393.0,2003.0,1564.0,0.0,0.0,-0.0,-1.0,-1.0,0.0
238.0,242520393.0,2000.0,1564.0,0.0,0.0,-0.0,-1.0,-1.0,0.0
239.0,242522394.0,2001.0,1564.0,0.0,0.0,-0.0,-1.0,-1.0,0.0
240.0,242524394.0,2000.0,1564.0,0.0,0.0,-0.0,-1.0,-1.0,0.0
241.0,242526394.0,2000.0,1564.0,0.0,0.0,-0.0,-1.0,-1.0,0.0
242.0,242528394.0,2000.0,1564.0,0.0,0.0,-0.0,-1.0,-1.0,0.0
243.0,242530397.0,2003.0,1564.0,0.0,0.0,-0.0,-1.0,-1.0,0.0
244.0,242532401.0,2004.0,1564.0,0.0,0.0,-0.0,-1.0,-1.0,0.0
245.0,242534401.0,2000.0,1564.0,0.0,0.0,-0.0,-1.0,-1.0,0.0
246.0,242536401.0,2000.0,1564.0,0.0,0.0,-0.0,-1.0,-1.0,0.0
247.0,242538402.0,2001.0,1564.0,0.0,0.0,-0.0,-1.0,-1.0,0.0
248.0,242540408.0,2006.0,1564.0,0.0,0.0,-0.0,-1.0,-1.0,0.0
249.0,242542409.0,2001.0,1564.0,0.0,0.0,-0.0,-1.0,-1.0,0.0
250.0,242544412.0,2003.0,1564.0,0.0,0.0,-0.0,72.0,103.0,0.0
251.0,242546418.0,2006.0,1564.0,0.0,0.0,-0.0,-1.0,-1.0,0.0
252.0,242548423.0,2005.0,1564.0,0.0,0.0,-0.0,-1.0,-1.0,0.0
253.0,242550423.0,2000.0,1564.0,0.0,0.0,-0.0,-1.0,-1.0,0.0
254.0,242552424.0,2001.0,1564.0,0.0,0.0,-0.0,-1.0,-1.0,0.0
255.0,242554427.0,2003.0,1564.0,0.0,0.0,-0.0,-1.0,-1.0,0.0
256.0,242556427.0,2000.0,1564.0,0.0,0.0,-0.0,-1.0,-1.0,0.0
257.0,242558427.0,2000.0,1564.0,0.0,0.0,-0.0,-1.0,-1.0,0.0
258.0,242560427.0,2000.0,1564.0,0.0,0.0,-0.0,-1.0,-1.0,0.0
259.0,242562427.0,2000.0,1564.0,0.0,0.0,-0.0,-1.0,-1.0,0.0
260.0,242564427.0,2000.0,1564.0,0.0,0.0,-0.0,-1.0,-1.0,0.0
261.0,242566430.0,2003.0,1564.0,0.0,0.0,-0.0,-1.0,-1.0,0.0
262.0,242568431.0,2001.0,1564.0,0.0,0.0,-0.0,-1.0,-1.0,0.0
263.0,242570431.0,2000.0,1564.0,0.0,0.0,-0.0,-1.0,-1.0,0.0
264.0,242572431.0,2000.0,1564.0,0.0,0.0,-0.0,-1.0,-1.0,0.0
265.0,242574431.0,2000.0,1564.0,0.0,0.0,-0.0,-1.0,-1.0,0.0
266.0,242576431.0,2000.0,1564.0,0.0,0.0,-0.0,-1.0,-1.0,0.0
267.0,242578434.0,2003.0,1564.0,0.0,0.0,-0.0,-1.0,-1.0,0.0
268.0,242580438.0,2004.0,1564.0,0.0,0.0,-0.0,-1.0,-1.0,0.0
269.0,242582438.0,2000.0,1564.0,0.0,0.0,-0.0,-1.0,-1.0,0.0
270.0,242584439.0,2001.0,1564.0,0.0,0.0,-0.0,-1.0,-1.0,0.0
271.0,242586446.0,2007.0,1564.0,0.0,0.0,-0.0,-1.0,-1.0,0.0
272.0,242588453.0,2007.0,1564.0,0.0,0.0,-0.0,-1.0,-1.0,0.0
273.0,242590454.0,2001.0,1564.0,0.0,0.0,-0.0,-1.0,-1.0,0.0
274.0,242592460.0,2006.0,1564.0,0.0,0.0,-0.0,-1.0,-1.0,0.0
275.0,242594461.0,2001.0,1564.0,0.0,0.0,-0.0,72.0,103.0,0.0
276.0,242596464.0,2003.0,1564.0,0.0,0.0,-0.0,-1.0,-1.0,0.0
277.0,242598468.0,2004.0,1564.0,0.0,0.0,-0.0,-1.0,-1.0,0.0
278.0,242600468.0,2000.0,1564.0,0.0,0.0,-0.0,-1.0,-1.0,0.0
279.0,242602468.0,2000.0,1564.0,0.0,0.0,-0.0,-1.0,-1.0,0.0
280.0,242604468.0,2000.0,1564.0,0.0,0.0,-0.0,-1.0,-1.0,0.0
281.0,242606468.0,2000.0,1564.0,0.0,0.0,-0.0,-1.0,-1.0,0.0
282.0,242608468.0,2000.0,1564.0,0.0,0.0,-0.0,-1.0,-1.0,0.0
283.0,242610468.0,2000.0,1564.0,0.0,0.0,-0.0,-1.0,-1.0,0.0
284.0,242612468.0,2000.0,1564.0,0.0,0.0,-0.0,-1.0,-1.0,0.0
285.0,242614468.0,2000.0,1564.0,0.0,0.0,-0.0,-1.0,-1.0,0.0
286.0,242616468.0,2000.0,1564.0,0.0,0.0,-0.0,-1.0,-1.0,0.0
287.0,242618468.0,2000.0,1564.0,0.0,0.0,-0.0,-1.0,-1.0,0.0
288.0,242620468.0,2000.0,1564.0,0.0,0.0,-0.0,-1.0,-1.0,0.0
289.0,242622468.0,2000.0,1564.0,0.0,0.0,-0.0,-1.0,-1.0,0.0
290.0,242624468.0,2000.0,1564.0,0.0,0.0,-0.0,-1.0,-1.0,0.0
291.0,242626468.0,2000.0,1564.0,0.0,0.0,-0.0,-1.0,-1.0,0.0
292.0,242628468.0,2000.0,1564.0,0.0,0.0,-0.0,-1.0,-1.0,0.0
293.0,242630468.0,2000.0,1564.0,0.0,0.0,-0.0,-1.0,-1.0,0.0
294.0,242632468.0,2000.0,1564.0,0.0,0.0,-0.0,-1.0,-1.0,0.0
295.0,242634468.0,2000.0,1564.0,0.0,0.0,-0.0,-1.0,-1.0,0.0
296.0,242636468.0,2000.0,1564.0,0.0,0.0,-0.0,-1.0,-1.0,0.0
297.0,242638468.0,2000.0,1564.0,0.0,0.0,-0.0,-1.0,-1.0,0.0
298.0,242640468.0,2000.0,1564.0,0.0,0.0,-0.0,-1.0,-1.0,0.0
299.0,242642471.0,2003.0,1564.0,0.0,0.0,-0.0,-1.0,-1.0,0.0
300.0,242644471.0,2000.0,1564.0,0.0,0.0,-0.0,72.0,103.0,0.0
301.0,242646475.0,2004.0,1564.0,0.0,0.0,-0.0,-1.0,-1.0,0.0
302.0,242648479.0,2004.0,1564.0,0.0,0.0,-0.0,-1.0,-1.0,0.0
303.0,242650483.0,2004.0,1564.0,0.0,0.0,-0.0,-1.0,-1.0,0.0
304.0,242652490.0,2007.0,1564.0,0.0,0.0,-0.0,-1.0,-1.0,0.0
305.0,242654490.0,2000.0,1564.0,0.0,0.0,-0.0,-1.0,-1.0,0.0
306.0,242656490.0,2000.0,1564.0,0.0,0.0,-0.0,-1.0,-1.0,0.0
307.0,242658490.0,2000.0,1564.0,0.0,0.0,-0.0,-1.0,-1.0,0.0
308.0,242660490.0,2000.0,1564.0,0.0,0.0,-0.0,-1.0,-1.0,0.0
309.0,242662490.0,2000.0,1564.0,0.0,0.0,-0.0,-1.0,-1.0,0.0
310.0,242664490.0,2000.0,1564.0,0.0,0.0,-0.0,-1.0,-1.0,0.0
311.0,242666490.0,2000.0,1564.0,0.0,0.0,-0.0,-1.0,-1.0,0.0
312.0,242668490.0,2000.0,1564.0,0.0,0.0,-0.0,-1.0,-1.0,0.0
313.0,242670490.0,2000.0,1564.0,0.0,0.0,-0.0,-1.0,-1.0,0.0
314.0,242672490.0,2000.0,1564.0,0.0,0.0,-0.0,-1.0,-1.0,0.0
315.0,242674490.0,2000.0,1564.0,0.0,0.0,-0.0,-1.0,-1.0,0.0
316.0,242676490.0,2000.0,1564.0,0.0,0.0,-0.0,-1.0,-1.0,0.0
317.0,242678490.0,2000.0,1564.0,0.0,0.0,-0.0,-1.0,-1.0,0.0
318.0,242680490.0,2000.0,1564.0,0.0,0.0,-0.0,-1.0,-1.0,0.0
319.0,242682490.0,2000.0,1564.0,0.0,0.0,-0.0,-1.0,-1.0,0.0
320.0,242684490.0,2000.0,1564.0,0.0,0.0,-0.0,-1.0,-1.0,0.0
321.0,242686490.0,2000.0,1564.0,0.0,0.0,-0.0,-1.0,-1.0,0.0
322.0,242688490.0,2000.0,1564.0,0.0,0.0,-0.0,-1.0,-1.0,0.0
323.0,242690490.0,2000.0,1564.0,0.0,0.0,-0.0,-1.0,-1.0,0.0
324.0,242692490.0,2000.0,1564.0,0.0,0.0,-0.0,-1.0,-1.0,0.0
325.0,242694490.0,2000.0,1564.0,0.0,0.0,-0.0,72.0,103.0,0.0
326.0,242696493.0,2003.0,1564.0,0.0,0.0,-0.0,-1.0,-1.0,0.0
327.0,242698497.0,2004.0,1564.0,0.0,0.0,-0.0,-1.0,-1.0,0.0
328.0,242700497.0,2000.0,1564.0,0.0,0.0,-0.0,-1.0,-1.0,0.0
329.0,242702498.0,2001.0,1564.0,0.0,0.0,-0.0,-1.0,-1.0,0.0
330.0,242704505.0,2007.0,1564.0,0.0,0.0,-0.0,-1.0,-1.0,0.0
331.0,242706505.0,2000.0,1564.0,0.0,0.0,-0.0,-1.0,-1.0,0.0
332.0,242708505.0,2000.0,1564.0,0.0,0.0,-0.0,-1.0,-1.0,0.0
333.0,242710505.0,2000.0,1564.0,0.0,0.0,-0.0,-1.0,-1.0,0.0
334.0,242712505.0,2000.0,1564.0,0.0,0.0,-0.0,-1.0,-1.0,0.0
335.0,242714505.0,2000.0,1564.0,0.0,0.0,-0.0,-1.0,-1.0,0.0
336.0,242716505.0,2000.0,1564.0,0.0,0.0,-0.0,-1.0,-1.0,0.0
337.0,242718505.0,2000.0,1564.0,0.0,0.0,-0.0,-1.0,-1.0,0.0
338.0,242720505.0,2000.0,1564.0,0.0,0.0,-0.0,-1.0,-1.0,0.0
339.0,242722505.0,2000.0,1564.0,0.0,0.0,-0.0,-1.0,-1.0,0.0
340.0,242724505.0,2000.0,1564.0,0.0,0.0,-0.0,-1.0,-1.0,0.0
341.0,242726505.0,2000.0,1564.0,0.0,0.0,-0.0,-1.0,-1.0,0.0
342.0,242728505.0,2000.0,1564.0,0.0,0.0,-0.0,-1.0,-1.0,0.0
343.0,242730505.0,2000.0,1564.0,0.0,0.0,-0.0,-1.0,-1.0,0.0
344.0,242732505.0,2000.0,1564.0,0.0,0.0,-0.0,-1.0,-1.0,0.0
345.0,242734505.0,2000.0,1564.0,0.0,0.0,-0.0,-1.0,-1.0,0.0
346.0,242736505.0,2000.0,1564.0,0.0,0.0,-0.0,-1.0,-1.0,0.0
347.0,242738505.0,2000.0,1564.0,0.0,0.0,-0.0,-1.0,-1.0,0.0
348.0,242740505.0,2000.0,1564.0,0.0,0.0,-0.0,-1.0,-1.0,0.0
349.0,242742505.0,2000.0,1564.0,0.0,0.0,-0.0,-1.0,-1.0,0.0
350.0,242744505.0,2000.0,1564.0,0.0,0.0,-0.0,72.0,103.0,0.0
351.0,242746512.0,2007.0,1564.0,0.0,0.0,-0.0,-1.0,-1.0,0.0
352.0,242748512.0,2000.0,1564.0,0.0,0.0,-0.0,-1.0,-1.0,0.0
353.0,242750512.0,2000.0,1564.0,0.0,0.0,-0.0,-1.0,-1.0,0.0
354.0,242752512.0,2000.0,1564.0,0.0,0.0,-0.0,-1.0,-1.0,0.0
355.0,242754512.0,2000.0,1564.0,0.0,0.0,-0.0,-1.0,-1.0,0.0
356.0,242756512.0,2000.0,1564.0,0.0,0.0,-0.0,-1.0,-1.0,0.0
357.0,242758513.0,2001.0,1564.0,0.0,0.0,-0.0,-1.0,-1.0,0.0
358.0,242760519.0,2006.0,1564.0,0.0,0.0,-0.0,-1.0,-1.0,0.0
359.0,242762520.0,2001.0,1564.0,0.0,0.0,-0.0,-1.0,-1.0,0.0
360.0,242764520.0,2000.0,1564.0,0.0,0.0,-0.0,-1.0,-1.0,0.0
361.0,242766520.0,2000.0,1564.0,0.0,0.0,-0.0,-1.0,-1.0,0.0
362.0,242768520.0,2000.0,1564.0,0.0,0.0,-0.0,-1.0,-1.0,0.0
363.0,242770520.0,2000.0,1564.0,0.0,0.0,-0.0,-1.0,-1.0,0.0
364.0,242772520.0,2000.0,1564.0,0.0,0.0,-0.0,-1.0,-1.0,0.0
365.0,242774520.0,2000.0,1564.0,0.0,0.0,-0.0,-1.0,-1.0,0.0
366.0,242776520.0,2000.0,1564.0,0.0,0.0,-0.0,-1.0,-1.0,0.0
367.0,242778520.0,2000.0,1564.0,0.0,0.0,-0.0,-1.0,-1.0,0.0
368.0,242780523.0,2003.0,1564.0,0.0,0.0,-0.0,-1.0,-1.0,0.0
369.0,242782523.0,2000.0,1564.0,0.0,0.0,-0.0,-1.0,-1.0,0.0
370.0,242784527.0,2004.0,1564.0,0.0,0.0,-0.0,-1.0,-1.0,0.0
371.0,242786527.0,2000.0,1564.0,0.0,0.0,-0.0,-1.0,-1.0,0.0
372.0,242788528.0,2001.0,1564.0,0.0,0.0,-0.0,-1.0,-1.0,0.0
373.0,242790535.0,2007.0,1564.0,0.0,0.0,-0.0,-1.0,-1.0,0.0
374.0,242792535.0,2000.0,1564.0,0.0,0.0,-0.0,-1.0,-1.0,0.0
375.0,242794535.0,2000.0,1564.0,0.0,0.0,-0.0,72.0,103.0,0.0
376.0,242796538.0,2003.0,1564.0,0.0,0.0,-0.0,-1.0,-1.0,0.0
377.0,242798542.0,2004.0,1564.0,0.0,0.0,-0.0,-1.0,-1.0,0.0
378.0,242800542.0,2000.0,1564.0,0.0,0.0,-0.0,-1.0,-1.0,0.0
379.0,242802543.0,2001.0,1564.0,0.0,0.0,-0.0,-1.0,-1.0,0.0
380.0,242804545.0,2002.0,1564.0,0.0,0.0,-0.0,-1.0,-1.0,0.0
381.0,242806546.0,2001.0,1564.0,0.0,0.0,-0.0,-1.0,-1.0,0.0
382.0,242808549.0,2003.0,1564.0,0.0,0.0,-0.0,-1.0,-1.0,0.0
383.0,242810549.0,2000.0,1564.0,0.0,0.0,-0.0,-1.0,-1.0,0.0
384.0,242812549.0,2000.0,1564.0,0.0,0.0,-0.0,-1.0,-1.0,0.0
385.0,242814550.0,2001.0,1564.0,0.0,0.0,-0.0,-1.0,-1.0,0.0
386.0,242816553.0,2003.0,1564.0,0.0,0.0,-0.0,-1.0,-1.0,0.0
387.0,242818553.0,2000.0,1564.0,0.0,0.0,-0.0,-1.0,-1.0,0.0
388.0,242820553.0,2000.0,1564.0,0.0,0.0,-0.0,-1.0,-1.0,0.0
389.0,242822553.0,2000.0,1564.0,0.0,0.0,-0.0,-1.0,-1.0,0.0
390.0,242824553.0,2000.0,1564.0,0.0,0.0,-0.0,-1.0,-1.0,0.0
391.0,242826553.0,2000.0,1564.0,0.0,0.0,-0.0,-1.0,-1.0,0.0
392.0,242828553.0,2000.0,1564.0,0.0,0.0,-0.0,-1.0,-1.0,0.0
393.0,242830553.0,2000.0,1564.0,0.0,0.0,-0.0,-1.0,-1.0,0.0
394.0,242832553.0,2000.0,1564.0,0.0,0.0,-0.0,-1.0,-1.0,0.0
395.0,242834553.0,2000.0,1564.0,0.0,0.0,-0.0,-1.0,-1.0,0.0
396.0,242836553.0,2000.0,1564.0,0.0,0.0,-0.0,-1.0,-1.0,0.0
397.0,242838553.0,2000.0,1564.0,0.0,0.0,-0.0,-1.0,-1.0,0.0
398.0,242840553.0,2000.0,1564.0,0.0,0.0,-0.0,-1.0,-1.0,0.0
399.0,242842553.0,2000.0,1564.0,0.0,0.0,-0.0,-1.0,-1.0,0.0
400.0,242844553.0,2000.0,1564.0,0.0,0.0,-0.0,72.0,103.0,0.0
401.0,242846553.0,2000.0,1564.0,0.0,0.0,-0.0,-1.0,-1.0,0.0
402.0,242848557.0,2004.0,1564.0,0.0,0.0,-0.0,-1.0,-1.0,0.0
403.0,242850557.0,2000.0,1564.0,0.0,0.0,-0.0,-1.0,-1.0,0.0
404.0,242852557.0,2000.0,1564.0,0.0,0.0,-0.0,-1.0,-1.0,0.0
405.0,242854560.0,2003.0,1564.0,0.0,0.0,-0.0,-1.0,-1.0,0.0
406.0,242856561.0,2001.0,1564.0,0.0,0.0,-0.0,-1.0,-1.0,0.0
407.0,242858568.0,2007.0,1564.0,0.0,0.0,-0.0,-1.0,-1.0,0.0
408.0,242860568.0,2000.0,1564.0,0.0,0.0,-0.0,-1.0,-1.0,0.0
409.0,242862568.0,2000.0,1564.0,0.0,0.0,-0.0,-1.0,-1.0,0.0
410.0,242864568.0,2000.0,1564.0,0.0,0.0,-0.0,-1.0,-1.0,0.0
411.0,242866568.0,2000.0,1564.0,0.0,0.0,-0.0,-1.0,-1.0,0.0
412.0,242868568.0,2000.0,1564.0,0.0,0.0,-0.0,-1.0,-1.0,0.0
413.0,242870568.0,2000.0,1564.0,0.0,0.0,-0.0,-1.0,-1.0,0.0
414.0,242872568.0,2000.0,1564.0,0.0,0.0,-0.0,-1.0,-1.0,0.0
415.0,242874568.0,2000.0,1564.0,0.0,0.0,-0.0,-1.0,-1.0,0.0
416.0,242876568.0,2000.0,1564.0,0.0,0.0,-0.0,-1.0,-1.0,0.0
417.0,242878568.0,2000.0,1564.0,0.0,0.0,-0.0,-1.0,-1.0,0.0
418.0,242880568.0,2000.0,1564.0,0.0,0.0,-0.0,-1.0,-1.0,0.0
419.0,242882568.0,2000.0,1564.0,0.0,0.0,-0.0,-1.0,-1.0,0.0
420.0,242884568.0,2000.0,1564.0,0.0,0.0,-0.0,-1.0,-1.0,0.0
421.0,242886568.0,2000.0,1564.0,0.0,0.0,-0.0,-1.0,-1.0,0.0
422.0,242888568.0,2000.0,1564.0,0.0,0.0,-0.0,-1.0,-1.0,0.0
423.0,242890568.0,2000.0,1564.0,0.0,0.0,-0.0,-1.0,-1.0,0.0
424.0,242892568.0,2000.0,1564.0,0.0,0.0,-0.0,-1.0,-1.0,0.0
425.0,242894568.0,2000.0,1564.0,0.0,0.0,-0.0,72.0,103.0,0.0
426.0,242896571.0,2003.0,1564.0,0.0,0.0,-0.0,-1.0,-1.0,0.0
427.0,242898571.0,2000.0,1564.0,0.0,0.0,-0.0,-1.0,-1.0,0.0
428.0,242900575.0,2004.0,1564.0,0.0,0.0,-0.0,-1.0,-1.0,0.0
429.0,242902575.0,2000.0,1564.0,0.0,0.0,-0.0,-1.0,-1.0,0.0
430.0,242904575.0,2000.0,1564.0,0.0,0.0,-0.0,-1.0,-1.0,0.0
431.0,242906575.0,2000.0,1564.0,0.0,0.0,-0.0,-1.0,-1.0,0.0
432.0,242908575.0,2000.0,1564.0,0.0,0.0,-0.0,-1.0,-1.0,0.0
433.0,242910579.0,2004.0,1564.0,0.0,0.0,-0.0,-1.0,-1.0,0.0
434.0,242912580.0,2001.0,1564.0,0.0,0.0,-0.0,-1.0,-1.0,0.0
435.0,242914580.0,2000.0,1564.0,0.0,0.0,-0.0,-1.0,-1.0,0.0
436.0,242916587.0,2007.0,1564.0,0.0,0.0,-0.0,-1.0,-1.0,0.0
437.0,242918587.0,2000.0,1564.0,0.0,0.0,-0.0,-1.0,-1.0,0.0
438.0,242920594.0,2007.0,1564.0,0.0,0.0,-0.0,-1.0,-1.0,0.0
439.0,242922594.0,2000.0,1564.0,0.0,0.0,-0.0,-1.0,-1.0,0.0
440.0,242924594.0,2000.0,1564.0,0.0,0.0,-0.0,-1.0,-1.0,0.0
441.0,242926594.0,2000.0,1564.0,0.0,0.0,-0.0,-1.0,-1.0,0.0
442.0,242928594.0,2000.0,1564.0,0.0,0.0,-0.0,-1.0,-1.0,0.0
443.0,242930594.0,2000.0,1564.0,0.0,0.0,-0.0,-1.0,-1.0,0.0
444.0,242932594.0,2000.0,1564.0,0.0,0.0,-0.0,-1.0,-1.0,0.0
445.0,242934594.0,2000.0,1564.0,0.0,0.0,-0.0,-1.0,-1.0,0.0
446.0,242936597.0,2003.0,1564.0,0.0,0.0,-0.0,-1.0,-1.0,0.0
447.0,242938597.0,2000.0,1564.0,0.0,0.0,-0.0,-1.0,-1.0,0.0
448.0,242940597.0,2000.0,1564.0,0.0,0.0,-0.0,-1.0,-1.0,0.0
449.0,242942598.0,2001.0,1564.0,0.0,0.0,-0.0,-1.0,-1.0,0.0
450.0,242944598.0,2000.0,1564.0,0.0,0.0,-0.0,72.0,103.0,0.0
451.0,242946601.0,2003.0,1564.0,0.0,0.0,-0.0,-1.0,-1.0,0.0
452.0,242948601.0,2000.0,1564.0,0.0,0.0,-0.0,-1.0,-1.0,0.0
453.0,242950601.0,2000.0,1564.0,0.0,0.0,-0.0,-1.0,-1.0,0.0
454.0,242952601.0,2000.0,1564.0,0.0,0.0,-0.0,-1.0,-1.0,0.0
455.0,242954602.0,2001.0,1564.0,0.0,0.0,-0.0,-1.0,-1.0,0.0
456.0,242956609.0,2007.0,1564.0,0.0,0.0,-0.0,-1.0,-1.0,0.0
457.0,242958609.0,2000.0,1564.0,0.0,0.0,-0.0,-1.0,-1.0,0.0
458.0,242960609.0,2000.0,1564.0,0.0,0.0,-0.0,-1.0,-1.0,0.0
459.0,242962612.0,2003.0,1564.0,0.0,0.0,-0.0,-1.0,-1.0,0.0
460.0,242964613.0,2001.0,1564.0,0.0,0.0,-0.0,-1.0,-1.0,0.0
461.0,242966620.0,2007.0,1564.0,0.0,0.0,-0.0,-1.0,-1.0,0.0
462.0,242968620.0,2000.0,1564.0,0.0,0.0,-0.0,-1.0,-1.0,0.0
463.0,242970620.0,2000.0,1564.0,0.0,0.0,-0.0,-1.0,-1.0,0.0
464.0,242972620.0,2000.0,1564.0,0.0,0.0,-0.0,-1.0,-1.0,0.0
465.0,242974620.0,2000.0,1564.0,0.0,0.0,-0.0,-1.0,-1.0,0.0
466.0,242976620.0,2000.0,1564.0,0.0,0.0,-0.0,-1.0,-1.0,0.0
467.0,242978620.0,2000.0,1564.0,0.0,0.0,-0.0,-1.0,-1.0,0.0
468.0,242980620.0,2000.0,1564.0,0.0,0.0,-0.0,-1.0,-1.0,0.0
469.0,242982623.0,2003.0,1564.0,0.0,0.0,-0.0,-1.0,-1.0,0.0
470.0,242984623.0,2000.0,1564.0,0.0,0.0,-0.0,-1.0,-1.0,0.0
471.0,242986624.0,2001.0,1564.0,0.0,0.0,-0.0,-1.0,-1.0,0.0
472.0,242988624.0,2000.0,1564.0,0.0,0.0,-0.0,-1.0,-1.0,0.0
473.0,242990627.0,2003.0,1564.0,0.0,0.0,-0.0,-1.0,-1.0,0.0
474.0,242992627.0,2000.0,1564.0,0.0,0.0,-0.0,-1.0,-1.0,0.0
475.0,242994627.0,2000.0,1564.0,0.0,0.0,-0.0,72.0,103.0,0.0
476.0,242996630.0,2003.0,1564.0,0.0,0.0,-0.0,-1.0,-1.0,0.0
477.0,242998634.0,2004.0,1564.0,0.0,0.0,-0.0,-1.0,-1.0,0.0
478.0,243000634.0,2000.0,1564.0,0.0,0.0,-0.0,-1.0,-1.0,0.0
479.0,243002635.0,2001.0,1564.0,0.0,0.0,-0.0,-1.0,-1.0,0.0
480.0,243004635.0,2000.0,1564.0,0.0,0.0,-0.0,-1.0,-1.0,0.0
481.0,243006642.0,2007.0,1564.0,0.0,0.0,-0.0,-1.0,-1.0,0.0
482.0,243008642.0,2000.0,1564.0,0.0,0.0,-0.0,-1.0,-1.0,0.0
483.0,243010642.0,2000.0,1564.0,0.0,0.0,-0.0,-1.0,-1.0,0.0
484.0,243012642.0,2000.0,1564.0,0.0,0.0,-0.0,-1.0,-1.0,0.0
485.0,243014646.0,2004.0,1564.0,0.0,0.0,-0.0,-1.0,-1.0,0.0
486.0,243016646.0,2000.0,1564.0,0.0,0.0,-0.0,-1.0,-1.0,0.0
487.0,243018646.0,2000.0,1564.0,0.0,0.0,-0.0,-1.0,-1.0,0.0
488.0,243020646.0,2000.0,1564.0,0.0,0.0,-0.0,-1.0,-1.0,0.0
489.0,243022646.0,2000.0,1564.0,0.0,0.0,-0.0,-1.0,-1.0,0.0
490.0,243024646.0,2000.0,1564.0,0.0,0.0,-0.0,-1.0,-1.0,0.0
491.0,243026646.0,2000.0,1564.0,0.0,0.0,-0.0,-1.0,-1.0,0.0
492.0,243028648.0,2002.0,1564.0,0.0,0.0,-0.0,-1.0,-1.0,0.0
493.0,243030649.0,2001.0,1564.0,0.0,0.0,-0.0,-1.0,-1.0,0.0
494.0,243032649.0,2000.0,1564.0,0.0,0.0,-0.0,-1.0,-1.0,0.0
495.0,243034650.0,2001.0,1564.0,0.0,0.0,-0.0,-1.0,-1.0,0.0
496.0,243036650.0,2000.0,1564.0,0.0,0.0,-0.0,-1.0,-1.0,0.0
497.0,243038650.0,2000.0,1564.0,0.0,0.0,-0.0,-1.0,-1.0,0.0
498.0,243040650.0,2000.0,1564.0,0.0,0.0,-0.0,-1.0,-1.0,0.0
499.0,243042657.0,2007.0,1564.0,0.0,0.0,-0.0,-1.0,-1.0,0.0
500.0,243044660.0,2003.0,1564.0,0.0,0.0,-0.0,72.0,103.0,0.0
501.0,243046660.0,2000.0,1564.0,0.0,0.0,-0.0,-1.0,-1.0,0.0
502.0,243048660.0,2000.0,1564.0,0.0,0.0,-0.0,-1.0,-1.0,0.0
503.0,243050664.0,2004.0,1564.0,0.0,0.0,-0.0,-1.0,-1.0,0.0
504.0,243052664.0,2000.0,1564.0,0.0,0.0,-0.0,-1.0,-1.0,0.0
505.0,243054664.0,2000.0,1564.0,0.0,0.0,-0.0,-1.0,-1.0,0.0
506.0,243056664.0,2000.0,1564.0,0.0,0.0,-0.0,-1.0,-1.0,0.0
507.0,243058664.0,2000.0,1564.0,0.0,0.0,-0.0,-1.0,-1.0,0.0
508.0,243060664.0,2000.0,1564.0,0.0,0.0,-0.0,-1.0,-1.0,0.0
509.0,243062664.0,2000.0,1564.0,0.0,0.0,-0.0,-1.0,-1.0,0.0
510.0,243064664.0,2000.0,1564.0,0.0,0.0,-0.0,-1.0,-1.0,0.0
511.0,243066664.0,2000.0,1564.0,0.0,0.0,-0.0,-1.0,-1.0,0.0
512.0,243068664.0,2000.0,1564.0,0.0,0.0,-0.0,-1.0,-1.0,0.0
513.0,243070664.0,2000.0,1564.0,0.0,0.0,-0.0,-1.0,-1.0,0.0
514.0,243072664.0,2000.0,1564.0,0.0,0.0,-0.0,-1.0,-1.0,0.0
515.0,243074664.0,2000.0,1564.0,0.0,0.0,-0.0,-1.0,-1.0,0.0
516.0,243076664.0,2000.0,1564.0,0.0,0.0,-0.0,-1.0,-1.0,0.0
517.0,243078664.0,2000.0,1564.0,0.0,0.0,-0.0,-1.0,-1.0,0.0
518.0,243080664.0,2000.0,1564.0,0.0,0.0,-0.0,-1.0,-1.0,0.0
519.0,243082664.0,2000.0,1564.0,0.0,0.0,-0.0,-1.0,-1.0,0.0
520.0,243084664.0,2000.0,1564.0,0.0,0.0,-0.0,-1.0,-1.0,0.0
521.0,243086664.0,2000.0,1564.0,0.0,0.0,-0.0,-1.0,-1.0,0.0
522.0,243088664.0,2000.0,1564.0,0.0,0.0,-0.0,-1.0,-1.0,0.0
523.0,243090664.0,2000.0,1564.0,0.0,0.0,-0.0,-1.0,-1.0,0.0
524.0,243092664.0,2000.0,1564.0,0.0,0.0,-0.0,-1.0,-1.0,0.0
525.0,243094664.0,2000.0,1564.0,0.0,0.0,-0.0,72.0,103.0,0.0
526.0,243096664.0,2000.0,1564.0,0.0,0.0,-0.0,-1.0,-1.0,0.0
527.0,243098664.0,2000.0,1564.0,0.0,0.0,-0.0,-1.0,-1.0,0.0
528.0,243100664.0,2000.0,1564.0,0.0,0.0,-0.0,-1.0,-1.0,0.0
529.0,243102664.0,2000.0,1564.0,0.0,0.0,-0.0,-1.0,-1.0,0.0
530.0,243104664.0,2000.0,1564.0,0.0,0.0,-0.0,-1.0,-1.0,0.0
531.0,243106664.0,2000.0,1564.0,0.0,0.0,-0.0,-1.0,-1.0,0.0
532.0,243108664.0,2000.0,1564.0,0.0,0.0,-0.0,-1.0,-1.0,0.0
533.0,243110664.0,2000.0,1564.0,0.0,0.0,-0.0,-1.0,-1.0,0.0
534.0,243112664.0,2000.0,1564.0,0.0,0.0,-0.0,-1.0,-1.0,0.0
535.0,243114664.0,2000.0,1564.0,0.0,0.0,-0.0,-1.0,-1.0,0.0
536.0,243116664.0,2000.0,1564.0,0.0,0.0,-0.0,-1.0,-1.0,0.0
537.0,243118664.0,2000.0,1564.0,0.0,0.0,-0.0,-1.0,-1.0,0.0
538.0,243120664.0,2000.0,1564.0,0.0,0.0,-0.0,-1.0,-1.0,0.0
539.0,243122664.0,2000.0,1564.0,0.0,0.0,-0.0,-1.0,-1.0,0.0
540.0,243124664.0,2000.0,1564.0,0.0,0.0,-0.0,-1.0,-1.0,0.0
541.0,243126664.0,2000.0,1564.0,0.0,0.0,-0.0,-1.0,-1.0,0.0
542.0,243128664.0,2000.0,1564.0,0.0,0.0,-0.0,-1.0,-1.0,0.0
543.0,243130664.0,2000.0,1564.0,0.0,0.0,-0.0,-1.0,-1.0,0.0
544.0,243132664.0,2000.0,1564.0,0.0,0.0,-0.0,-1.0,-1.0,0.0
545.0,243134664.0,2000.0,1564.0,0.0,0.0,-0.0,-1.0,-1.0,0.0
546.0,243136664.0,2000.0,1564.0,0.0,0.0,-0.0,-1.0,-1.0,0.0
547.0,243138664.0,2000.0,1564.0,0.0,0.0,-0.0,-1.0,-1.0,0.0
548.0,243140664.0,2000.0,1564.0,0.0,0.0,-0.0,-1.0,-1.0,0.0
549.0,243142664.0,2000.0,1564.0,0.0,0.0,-0.0,-1.0,-1.0,0.0
550.0,243144664.0,2000.0,1564.0,0.0,0.0,-0.0,72.0,103.0,0.0
551.0,243146664.0,2000.0,1564.0,0.0,0.0,-0.0,-1.0,-1.0,0.0
552.0,243148668.0,2004.0,1564.0,0.0,0.0,-0.0,-1.0,-1.0,0.0
553.0,243150669.0,2001.0,1564.0,0.0,0.0,-0.0,-1.0,-1.0,0.0
554.0,243152676.0,2007.0,1564.0,0.0,0.0,-0.0,-1.0,-1.0,0.0
555.0,243154676.0,2000.0,1564.0,0.0,0.0,-0.0,-1.0,-1.0,0.0
556.0,243156676.0,2000.0,1564.0,0.0,0.0,-0.0,-1.0,-1.0,0.0
557.0,243158683.0,2007.0,1564.0,0.0,0.0,-0.0,-1.0,-1.0,0.0
558.0,243160687.0,2004.0,1564.0,0.0,0.0,-0.0,-1.0,-1.0,0.0
559.0,243162687.0,2000.0,1564.0,0.0,0.0,-0.0,-1.0,-1.0,0.0
560.0,243164694.0,2007.0,1564.0,0.0,0.0,-0.0,-1.0,-1.0,0.0
561.0,243166694.0,2000.0,1564.0,0.0,0.0,-0.0,-1.0,-1.0,0.0
562.0,243168694.0,2000.0,1564.0,0.0,0.0,-0.0,-1.0,-1.0,0.0
563.0,243170694.0,2000.0,1564.0,0.0,0.0,-0.0,-1.0,-1.0,0.0
564.0,243172694.0,2000.0,1564.0,0.0,0.0,-0.0,-1.0,-1.0,0.0
565.0,243174694.0,2000.0,1564.0,0.0,0.0,-0.0,-1.0,-1.0,0.0
566.0,243176694.0,2000.0,1564.0,0.0,0.0,-0.0,-1.0,-1.0,0.0
567.0,243178694.0,2000.0,1564.0,0.0,0.0,-0.0,-1.0,-1.0,0.0
568.0,243180694.0,2000.0,1564.0,0.0,0.0,-0.0,-1.0,-1.0,0.0
569.0,243182694.0,2000.0,1564.0,0.0,0.0,-0.0,-1.0,-1.0,0.0
570.0,243184694.0,2000.0,1564.0,0.0,0.0,-0.0,-1.0,-1.0,0.0
571.0,243186694.0,2000.0,1564.0,0.0,0.0,-0.0,-1.0,-1.0,0.0
572.0,243188694.0,2000.0,1564.0,0.0,0.0,-0.0,-1.0,-1.0,0.0
573.0,243190694.0,2000.0,1564.0,0.0,0.0,-0.0,-1.0,-1.0,0.0
574.0,243192694.0,2000.0,1564.0,0.0,0.0,-0.0,-1.0,-1.0,0.0
575.0,243194694.0,2000.0,1564.0,0.0,0.0,-0.0,72.0,103.0,0.0
576.0,243196694.0,2000.0,1564.0,0.0,0.0,-0.0,-1.0,-1.0,0.0
577.0,243198698.0,2004.0,1564.0,0.0,0.0,-0.0,-1.0,-1.0,0.0
578.0,243200698.0,2000.0,1564.0,0.0,0.0,-0.0,-1.0,-1.0,0.0
579.0,243202698.0,2000.0,1564.0,0.0,0.0,-0.0,-1.0,-1.0,0.0
580.0,243204698.0,2000.0,1564.0,0.0,0.0,-0.0,-1.0,-1.0,0.0
581.0,243206701.0,2003.0,1564.0,0.0,0.0,-0.0,-1.0,-1.0,0.0
582.0,243208705.0,2004.0,1564.0,0.0,0.0,-0.0,-1.0,-1.0,0.0
583.0,243210709.0,2004.0,1564.0,0.0,0.0,-0.0,-1.0,-1.0,0.0
584.0,243212713.0,2004.0,1564.0,0.0,0.0,-0.0,-1.0,-1.0,0.0
585.0,243214716.0,2003.0,1564.0,0.0,0.0,-0.0,-1.0,-1.0,0.0
586.0,243216720.0,2004.0,1564.0,0.0,0.0,-0.0,-1.0,-1.0,0.0
587.0,243218723.0,2003.0,1564.0,0.0,0.0,-0.0,-1.0,-1.0,0.0
588.0,243220728.0,2005.0,1564.0,0.0,0.0,-0.0,-1.0,-1.0,0.0
589.0,243222731.0,2003.0,1564.0,0.0,0.0,-0.0,-1.0,-1.0,0.0
590.0,243224735.0,2004.0,1564.0,0.0,0.0,-0.0,-1.0,-1.0,0.0
591.0,243226738.0,2003.0,1564.0,0.0,0.0,-0.0,-1.0,-1.0,0.0
592.0,243228742.0,2004.0,1564.0,0.0,0.0,-0.0,-1.0,-1.0,0.0
593.0,243230746.0,2004.0,1564.0,0.0,0.0,-0.0,-1.0,-1.0,0.0
594.0,243232750.0,2004.0,1564.0,0.0,0.0,-0.0,-1.0,-1.0,0.0
595.0,243234753.0,2003.0,1564.0,0.0,0.0,-0.0,-1.0,-1.0,0.0
596.0,243236757.0,2004.0,1564.0,0.0,0.0,-0.0,-1.0,-1.0,0.0
597.0,243238761.0,2004.0,1564.0,0.0,0.0,-0.0,-1.0,-1.0,0.0
598.0,243240764.0,2003.0,1564.0,0.0,0.0,-0.0,-1.0,-1.0,0.0
599.0,243242768.0,2004.0,1564.0,0.0,0.0,-0.0,-1.0,-1.0,0.0
600.0,243244772.0,2004.0,1564.0,0.0,0.0,-0.0,72.0,103.0,0.0
601.0,243246779.0,2007.0,1564.0,0.0,0.0,-0.0,-1.0,-1.0,0.0
602.0,243248779.0,2000.0,1564.0,0.0,0.0,-0.0,-1.0,-1.0,0.0
603.0,243250783.0,2004.0,1564.0,0.0,0.0,-0.0,-1.0,-1.0,0.0
604.0,243252787.0,2004.0,1564.0,0.0,0.0,-0.0,-1.0,-1.0,0.0
605.0,243254790.0,2003.0,1564.0,0.0,0.0,-0.0,-1.0,-1.0,0.0
606.0,243256794.0,2004.0,1564.0,0.0,0.0,-0.0,-1.0,-1.0,0.0
607.0,243258797.0,2003.0,1564.0,0.0,0.0,-0.0,-1.0,-1.0,0.0
608.0,243260798.0,2001.0,1564.0,0.0,0.0,-0.0,-1.0,-1.0,0.0
609.0,243262798.0,2000.0,1564.0,0.0,0.0,-0.0,-1.0,-1.0,0.0
610.0,243264805.0,2007.0,1564.0,0.0,0.0,-0.0,-1.0,-1.0,0.0
611.0,243266805.0,2000.0,1564.0,0.0,0.0,-0.0,-1.0,-1.0,0.0
612.0,243268805.0,2000.0,1564.0,0.0,0.0,-0.0,-1.0,-1.0,0.0
613.0,243270805.0,2000.0,1564.0,0.0,0.0,-0.0,-1.0,-1.0,0.0
614.0,243272805.0,2000.0,1564.0,0.0,0.0,-0.0,-1.0,-1.0,0.0
615.0,243274805.0,2000.0,1564.0,0.0,0.0,-0.0,-1.0,-1.0,0.0
616.0,243276805.0,2000.0,1564.0,0.0,0.0,-0.0,-1.0,-1.0,0.0
617.0,243278805.0,2000.0,1564.0,0.0,0.0,-0.0,-1.0,-1.0,0.0
618.0,243280805.0,2000.0,1564.0,0.0,0.0,-0.0,-1.0,-1.0,0.0
619.0,243282805.0,2000.0,1564.0,0.0,0.0,-0.0,-1.0,-1.0,0.0
620.0,243284805.0,2000.0,1564.0,0.0,0.0,-0.0,-1.0,-1.0,0.0
621.0,243286805.0,2000.0,1564.0,0.0,0.0,-0.0,-1.0,-1.0,0.0
622.0,243288805.0,2000.0,1564.0,0.0,0.0,-0.0,-1.0,-1.0,0.0
623.0,243290805.0,2000.0,1564.0,0.0,0.0,-0.0,-1.0,-1.0,0.0
624.0,243292805.0,2000.0,1564.0,0.0,0.0,-0.0,-1.0,-1.0,0.0
625.0,243294805.0,2000.0,1564.0,0.0,0.0,-0.0,72.0,103.0,0.0
626.0,243296805.0,2000.0,1564.0,0.0,0.0,-0.0,-1.0,-1.0,0.0
627.0,243298809.0,2004.0,1564.0,0.0,0.0,-0.0,-1.0,-1.0,0.0
628.0,243300812.0,2003.0,1564.0,0.0,0.0,-0.0,-1.0,-1.0,0.0
629.0,243302812.0,2000.0,1564.0,0.0,0.0,-0.0,-1.0,-1.0,0.0
630.0,243304812.0,2000.0,1564.0,0.0,0.0,-0.0,-1.0,-1.0,0.0
631.0,243306812.0,2000.0,1564.0,0.0,0.0,-0.0,-1.0,-1.0,0.0
632.0,243308812.0,2000.0,1564.0,0.0,0.0,-0.0,-1.0,-1.0,0.0
633.0,243310812.0,2000.0,1564.0,0.0,0.0,-0.0,-1.0,-1.0,0.0
634.0,243312812.0,2000.0,1564.0,0.0,0.0,-0.0,-1.0,-1.0,0.0
635.0,243314812.0,2000.0,1564.0,0.0,0.0,-0.0,-1.0,-1.0,0.0
636.0,243316812.0,2000.0,1564.0,0.0,0.0,-0.0,-1.0,-1.0,0.0
637.0,243318813.0,2001.0,1564.0,0.0,0.0,-0.0,-1.0,-1.0,0.0
638.0,243320820.0,2007.0,1564.0,0.0,0.0,-0.0,-1.0,-1.0,0.0
639.0,243322820.0,2000.0,1564.0,0.0,0.0,-0.0,-1.0,-1.0,0.0
640.0,243324820.0,2000.0,1564.0,0.0,0.0,-0.0,-1.0,-1.0,0.0
641.0,243326820.0,2000.0,1564.0,0.0,0.0,-0.0,-1.0,-1.0,0.0
642.0,243328820.0,2000.0,1564.0,0.0,0.0,-0.0,-1.0,-1.0,0.0
643.0,243330820.0,2000.0,1564.0,0.0,0.0,-0.0,-1.0,-1.0,0.0
644.0,243332820.0,2000.0,1564.0,0.0,0.0,-0.0,-1.0,-1.0,0.0
645.0,243334820.0,2000.0,1564.0,0.0,0.0,-0.0,-1.0,-1.0,0.0
646.0,243336820.0,2000.0,1564.0,0.0,0.0,-0.0,-1.0,-1.0,0.0
647.0,243338820.0,2000.0,1564.0,0.0,0.0,-0.0,-1.0,-1.0,0.0
648.0,243340820.0,2000.0,1564.0,0.0,0.0,-0.0,-1.0,-1.0,0.0
649.0,243342820.0,2000.0,1564.0,0.0,0.0,-0.0,-1.0,-1.0,0.0
650.0,243344820.0,2000.0,1564.0,0.0,0.0,-0.0,72.0,103.0,0.0
651.0,243346820.0,2000.0,1564.0,0.0,0.0,-0.0,-1.0,-1.0,0.0
652.0,243348824.0,2004.0,1564.0,0.0,0.0,-0.0,-1.0,-1.0,0.0
653.0,243350827.0,2003.0,1564.0,0.0,0.0,-0.0,-1.0,-1.0,0.0
654.0,243352827.0,2000.0,1564.0,0.0,0.0,-0.0,-1.0,-1.0,0.0
655.0,243354827.0,2000.0,1564.0,0.0,0.0,-0.0,-1.0,-1.0,0.0
656.0,243356827.0,2000.0,1564.0,0.0,0.0,-0.0,-1.0,-1.0,0.0
657.0,243358827.0,2000.0,1564.0,0.0,0.0,-0.0,-1.0,-1.0,0.0
658.0,243360827.0,2000.0,1564.0,0.0,0.0,-0.0,-1.0,-1.0,0.0
659.0,243362827.0,2000.0,1564.0,0.0,0.0,-0.0,-1.0,-1.0,0.0
660.0,243364827.0,2000.0,1564.0,0.0,0.0,-0.0,-1.0,-1.0,0.0
661.0,243366827.0,2000.0,1564.0,0.0,0.0,-0.0,-1.0,-1.0,0.0
662.0,243368827.0,2000.0,1564.0,0.0,0.0,-0.0,-1.0,-1.0,0.0
663.0,243370827.0,2000.0,1564.0,0.0,0.0,-0.0,-1.0,-1.0,0.0
664.0,243372827.0,2000.0,1564.0,0.0,0.0,-0.0,-1.0,-1.0,0.0
665.0,243374827.0,2000.0,1564.0,0.0,0.0,-0.0,-1.0,-1.0,0.0
666.0,243376827.0,2000.0,1564.0,0.0,0.0,-0.0,-1.0,-1.0,0.0
667.0,243378828.0,2001.0,1564.0,0.0,0.0,-0.0,-1.0,-1.0,0.0
668.0,243380835.0,2007.0,1564.0,0.0,0.0,-0.0,-1.0,-1.0,0.0
669.0,243382835.0,2000.0,1564.0,0.0,0.0,-0.0,-1.0,-1.0,0.0
670.0,243384842.0,2007.0,1564.0,0.0,0.0,-0.0,-1.0,-1.0,0.0
671.0,243386842.0,2000.0,1564.0,0.0,0.0,-0.0,-1.0,-1.0,0.0
672.0,243388842.0,2000.0,1564.0,0.0,0.0,-0.0,-1.0,-1.0,0.0
673.0,243390842.0,2000.0,1564.0,0.0,0.0,-0.0,-1.0,-1.0,0.0
674.0,243392842.0,2000.0,1564.0,0.0,0.0,-0.0,-1.0,-1.0,0.0
675.0,243394842.0,2000.0,1564.0,0.0,0.0,-0.0,72.0,103.0,0.0
676.0,243396847.0,2005.0,1564.0,0.0,0.0,-0.0,-1.0,-1.0,0.0
677.0,243398849.0,2002.0,1564.0,0.0,0.0,-0.0,-1.0,-1.0,0.0
678.0,243400849.0,2000.0,1564.0,0.0,0.0,-0.0,-1.0,-1.0,0.0
679.0,243402850.0,2001.0,1564.0,0.0,0.0,-0.0,-1.0,-1.0,0.0
680.0,243404857.0,2007.0,1564.0,0.0,0.0,-0.0,-1.0,-1.0,0.0
681.0,243406862.0,2005.0,1564.0,0.0,0.0,-0.0,-1.0,-1.0,0.0
682.0,243408868.0,2006.0,1564.0,0.0,0.0,-0.0,-1.0,-1.0,0.0
683.0,243410868.0,2000.0,1564.0,0.0,0.0,-0.0,-1.0,-1.0,0.0
684.0,243412868.0,2000.0,1564.0,0.0,0.0,-0.0,-1.0,-1.0,0.0
685.0,243414868.0,2000.0,1564.0,0.0,0.0,-0.0,-1.0,-1.0,0.0
686.0,243416868.0,2000.0,1564.0,0.0,0.0,-0.0,-1.0,-1.0,0.0
687.0,243418868.0,2000.0,1564.0,0.0,0.0,-0.0,-1.0,-1.0,0.0
688.0,243420868.0,2000.0,1564.0,0.0,0.0,-0.0,-1.0,-1.0,0.0
689.0,243422870.0,2002.0,1564.0,0.0,0.0,-0.0,-1.0,-1.0,0.0
690.0,243424871.0,2001.0,1564.0,0.0,0.0,-0.0,-1.0,-1.0,0.0
691.0,243426871.0,2000.0,1564.0,0.0,0.0,-0.0,-1.0,-1.0,0.0
692.0,243428871.0,2000.0,1564.0,0.0,0.0,-0.0,-1.0,-1.0,0.0
693.0,243430871.0,2000.0,1564.0,0.0,0.0,-0.0,-1.0,-1.0,0.0
694.0,243432871.0,2000.0,1564.0,0.0,0.0,-0.0,-1.0,-1.0,0.0
695.0,243434871.0,2000.0,1564.0,0.0,0.0,-0.0,-1.0,-1.0,0.0
696.0,243436871.0,2000.0,1564.0,0.0,0.0,-0.0,-1.0,-1.0,0.0
697.0,243438872.0,2001.0,1564.0,0.0,0.0,-0.0,-1.0,-1.0,0.0
698.0,243440879.0,2007.0,1564.0,0.0,0.0,-0.0,-1.0,-1.0,0.0
699.0,243442879.0,2000.0,1564.0,0.0,0.0,-0.0,-1.0,-1.0,0.0
700.0,243444883.0,2004.0,1564.0,0.0,0.0,-0.0,72.0,103.0,0.0
701.0,243446883.0,2000.0,1564.0,0.0,0.0,-0.0,-1.0,-1.0,0.0
702.0,243448890.0,2007.0,1564.0,0.0,0.0,-0.0,-1.0,-1.0,0.0
703.0,243450890.0,2000.0,1564.0,0.0,0.0,-0.0,-1.0,-1.0,0.0
704.0,243452890.0,2000.0,1564.0,0.0,0.0,-0.0,-1.0,-1.0,0.0
705.0,243454890.0,2000.0,1564.0,0.0,0.0,-0.0,-1.0,-1.0,0.0
706.0,243456894.0,2004.0,1564.0,0.0,0.0,-0.0,-1.0,-1.0,0.0
707.0,243458894.0,2000.0,1564.0,0.0,0.0,-0.0,-1.0,-1.0,0.0
708.0,243460901.0,2007.0,1564.0,0.0,0.0,-0.0,-1.0,-1.0,0.0
709.0,243462901.0,2000.0,1564.0,0.0,0.0,-0.0,-1.0,-1.0,0.0
710.0,243464901.0,2000.0,1564.0,0.0,0.0,-0.0,-1.0,-1.0,0.0
711.0,243466901.0,2000.0,1564.0,0.0,0.0,-0.0,-1.0,-1.0,0.0
712.0,243468901.0,2000.0,1564.0,0.0,0.0,-0.0,-1.0,-1.0,0.0
713.0,243470905.0,2004.0,1564.0,0.0,0.0,-0.0,-1.0,-1.0,0.0
714.0,243472905.0,2000.0,1564.0,0.0,0.0,-0.0,-1.0,-1.0,0.0
715.0,243474905.0,2000.0,1564.0,0.0,0.0,-0.0,-1.0,-1.0,0.0
716.0,243476912.0,2007.0,1564.0,0.0,0.0,-0.0,-1.0,-1.0,0.0
717.0,243478916.0,2004.0,1564.0,0.0,0.0,-0.0,-1.0,-1.0,0.0
718.0,243480916.0,2000.0,1564.0,0.0,0.0,-0.0,-1.0,-1.0,0.0
719.0,243482920.0,2004.0,1564.0,0.0,0.0,-0.0,-1.0,-1.0,0.0
720.0,243484920.0,2000.0,1564.0,0.0,0.0,-0.0,-1.0,-1.0,0.0
721.0,243486924.0,2004.0,1564.0,0.0,0.0,-0.0,-1.0,-1.0,0.0
722.0,243488928.0,2004.0,1564.0,0.0,0.0,-0.0,-1.0,-1.0,0.0
723.0,243490934.0,2006.0,1564.0,0.0,0.0,-0.0,-1.0,-1.0,0.0
724.0,243492939.0,2005.0,1564.0,0.0,0.0,-0.0,-1.0,-1.0,0.0
725.0,243494939.0,2000.0,1564.0,0.0,0.0,-0.0,72.0,103.0,0.0
726.0,243496942.0,2003.0,1564.0,0.0,0.0,-0.0,-1.0,-1.0,0.0
727.0,243498946.0,2004.0,1564.0,0.0,0.0,-0.0,-1.0,-1.0,0.0
728.0,243500946.0,2000.0,1564.0,0.0,0.0,-0.0,-1.0,-1.0,0.0
729.0,243502946.0,2000.0,1564.0,0.0,0.0,-0.0,-1.0,-1.0,0.0
730.0,243504946.0,2000.0,1564.0,0.0,0.0,-0.0,-1.0,-1.0,0.0
731.0,243506946.0,2000.0,1564.0,0.0,0.0,-0.0,-1.0,-1.0,0.0
732.0,243508946.0,2000.0,1564.0,0.0,0.0,-0.0,-1.0,-1.0,0.0
733.0,243510946.0,2000.0,1564.0,0.0,0.0,-0.0,-1.0,-1.0,0.0
734.0,243512946.0,2000.0,1564.0,0.0,0.0,-0.0,-1.0,-1.0,0.0
735.0,243514946.0,2000.0,1564.0,0.0,0.0,-0.0,-1.0,-1.0,0.0
736.0,243516946.0,2000.0,1564.0,0.0,0.0,-0.0,-1.0,-1.0,0.0
737.0,243518946.0,2000.0,1564.0,0.0,0.0,-0.0,-1.0,-1.0,0.0
738.0,243520946.0,2000.0,1564.0,0.0,0.0,-0.0,-1.0,-1.0,0.0
739.0,243522946.0,2000.0,1564.0,0.0,0.0,-0.0,-1.0,-1.0,0.0
740.0,243524946.0,2000.0,1564.0,0.0,0.0,-0.0,-1.0,-1.0,0.0
741.0,243526946.0,2000.0,1564.0,0.0,0.0,-0.0,-1.0,-1.0,0.0
742.0,243528946.0,2000.0,1564.0,0.0,0.0,-0.0,-1.0,-1.0,0.0
743.0,243530946.0,2000.0,1564.0,0.0,0.0,-0.0,-1.0,-1.0,0.0
744.0,243532946.0,2000.0,1564.0,0.0,0.0,-0.0,-1.0,-1.0,0.0
745.0,243534946.0,2000.0,1564.0,0.0,0.0,-0.0,-1.0,-1.0,0.0
746.0,243536946.0,2000.0,1564.0,0.0,0.0,-0.0,-1.0,-1.0,0.0
747.0,243538946.0,2000.0,1564.0,0.0,0.0,-0.0,-1.0,-1.0,0.0
748.0,243540946.0,2000.0,1564.0,0.0,0.0,-0.0,-1.0,-1.0,0.0
749.0,243542946.0,2000.0,1564.0,0.0,0.0,-0.0,-1.0,-1.0,0.0
750.0,243544946.0,2000.0,1564.0,0.0,0.0,-0.0,72.0,103.0,0.0
751.0,243546946.0,2000.0,1564.0,0.0,0.0,-0.0,-1.0,-1.0,0.0
752.0,243548950.0,2004.0,1564.0,0.0,0.0,-0.0,-1.0,-1.0,0.0
753.0,243550950.0,2000.0,1564.0,0.0,0.0,-0.0,-1.0,-1.0,0.0
754.0,243552957.0,2007.0,1564.0,0.0,0.0,-0.0,-1.0,-1.0,0.0
755.0,243554957.0,2000.0,1564.0,0.0,0.0,-0.0,-1.0,-1.0,0.0
756.0,243556957.0,2000.0,1564.0,0.0,0.0,-0.0,-1.0,-1.0,0.0
757.0,243558957.0,2000.0,1564.0,0.0,0.0,-0.0,-1.0,-1.0,0.0
758.0,243560957.0,2000.0,1564.0,0.0,0.0,-0.0,-1.0,-1.0,0.0
759.0,243562957.0,2000.0,1564.0,0.0,0.0,-0.0,-1.0,-1.0,0.0
760.0,243564957.0,2000.0,1564.0,0.0,0.0,-0.0,-1.0,-1.0,0.0
761.0,243566957.0,2000.0,1564.0,0.0,0.0,-0.0,-1.0,-1.0,0.0
762.0,243568964.0,2007.0,1564.0,0.0,0.0,-0.0,-1.0,-1.0,0.0
763.0,243570964.0,2000.0,1564.0,0.0,0.0,-0.0,-1.0,-1.0,0.0
764.0,243572968.0,2004.0,1564.0,0.0,0.0,-0.0,-1.0,-1.0,0.0
765.0,243574968.0,2000.0,1564.0,0.0,0.0,-0.0,-1.0,-1.0,0.0
766.0,243576968.0,2000.0,1564.0,0.0,0.0,-0.0,-1.0,-1.0,0.0
767.0,243578968.0,2000.0,1564.0,0.0,0.0,-0.0,-1.0,-1.0,0.0
768.0,243580968.0,2000.0,1564.0,0.0,0.0,-0.0,-1.0,-1.0,0.0
769.0,243582968.0,2000.0,1564.0,0.0,0.0,-0.0,-1.0,-1.0,0.0
770.0,243584968.0,2000.0,1564.0,0.0,0.0,-0.0,-1.0,-1.0,0.0
771.0,243586968.0,2000.0,1564.0,0.0,0.0,-0.0,-1.0,-1.0,0.0
772.0,243588968.0,2000.0,1564.0,0.0,0.0,-0.0,-1.0,-1.0,0.0
773.0,243590968.0,2000.0,1564.0,0.0,0.0,-0.0,-1.0,-1.0,0.0
774.0,243592968.0,2000.0,1564.0,0.0,0.0,-0.0,-1.0,-1.0,0.0
775.0,243594968.0,2000.0,1564.0,0.0,0.0,-0.0,72.0,103.0,0.0
776.0,243596974.0,2006.0,1564.0,0.0,0.0,-0.0,-1.0,-1.0,0.0
777.0,243598976.0,2002.0,1564.0,0.0,0.0,-0.0,-1.0,-1.0,0.0
778.0,243600979.0,2003.0,1564.0,0.0,0.0,-0.0,-1.0,-1.0,0.0
779.0,243602983.0,2004.0,1564.0,0.0,0.0,-0.0,-1.0,-1.0,0.0
780.0,243604986.0,2003.0,1564.0,0.0,0.0,-0.0,-1.0,-1.0,0.0
781.0,243606990.0,2004.0,1564.0,0.0,0.0,-0.0,-1.0,-1.0,0.0
782.0,243608994.0,2004.0,1564.0,0.0,0.0,-0.0,-1.0,-1.0,0.0
783.0,243610997.0,2003.0,1564.0,0.0,0.0,-0.0,-1.0,-1.0,0.0
784.0,243612998.0,2001.0,1564.0,0.0,0.0,-0.0,-1.0,-1.0,0.0
785.0,243615001.0,2003.0,1564.0,0.0,0.0,-0.0,-1.0,-1.0,0.0
786.0,243617001.0,2000.0,1564.0,0.0,0.0,-0.0,-1.0,-1.0,0.0
787.0,243619002.0,2001.0,1564.0,0.0,0.0,-0.0,-1.0,-1.0,0.0
788.0,243621002.0,2000.0,1564.0,0.0,0.0,-0.0,-1.0,-1.0,0.0
789.0,243623005.0,2003.0,1564.0,0.0,0.0,-0.0,-1.0,-1.0,0.0
790.0,243625009.0,2004.0,1564.0,0.0,0.0,-0.0,-1.0,-1.0,0.0
791.0,243627009.0,2000.0,1564.0,0.0,0.0,-0.0,-1.0,-1.0,0.0
792.0,243629012.0,2003.0,1564.0,0.0,0.0,-0.0,-1.0,-1.0,0.0
793.0,243631012.0,2000.0,1564.0,0.0,0.0,-0.0,-1.0,-1.0,0.0
794.0,243633017.0,2005.0,1564.0,0.0,0.0,-0.0,-1.0,-1.0,0.0
795.0,243635023.0,2006.0,1564.0,0.0,0.0,-0.0,-1.0,-1.0,0.0
796.0,243637028.0,2005.0,1564.0,0.0,0.0,-0.0,-1.0,-1.0,0.0
797.0,243639031.0,2003.0,1564.0,0.0,0.0,-0.0,-1.0,-1.0,0.0
798.0,243641035.0,2004.0,1564.0,0.0,0.0,-0.0,-1.0,-1.0,0.0
799.0,243643039.0,2004.0,1564.0,0.0,0.0,-0.0,-1.0,-1.0,0.0
800.0,243645042.0,2003.0,1564.0,0.0,0.0,-0.0,72.0,103.0,0.0
801.0,243647046.0,2004.0,1564.0,0.0,0.0,-0.0,-1.0,-1.0,0.0
802.0,243649046.0,2000.0,1564.0,0.0,0.0,-0.0,-1.0,-1.0,0.0
803.0,243651046.0,2000.0,1564.0,0.0,0.0,-0.0,-1.0,-1.0,0.0
804.0,243653046.0,2000.0,1564.0,0.0,0.0,-0.0,-1.0,-1.0,0.0
805.0,243655046.0,2000.0,1564.0,0.0,0.0,-0.0,-1.0,-1.0,0.0
806.0,243657046.0,2000.0,1564.0,0.0,0.0,-0.0,-1.0,-1.0,0.0
807.0,243659046.0,2000.0,1564.0,0.0,0.0,-0.0,-1.0,-1.0,0.0
808.0,243661046.0,2000.0,1564.0,0.0,0.0,-0.0,-1.0,-1.0,0.0
809.0,243663046.0,2000.0,1564.0,0.0,0.0,-0.0,-1.0,-1.0,0.0
810.0,243665046.0,2000.0,1564.0,0.0,0.0,-0.0,-1.0,-1.0,0.0
811.0,243667046.0,2000.0,1564.0,0.0,0.0,-0.0,-1.0,-1.0,0.0
812.0,243669046.0,2000.0,1564.0,0.0,0.0,-0.0,-1.0,-1.0,0.0
813.0,243671046.0,2000.0,1564.0,0.0,0.0,-0.0,-1.0,-1.0,0.0
814.0,243673046.0,2000.0,1564.0,0.0,0.0,-0.0,-1.0,-1.0,0.0
815.0,243675046.0,2000.0,1564.0,0.0,0.0,-0.0,-1.0,-1.0,0.0
816.0,243677046.0,2000.0,1564.0,0.0,0.0,-0.0,-1.0,-1.0,0.0
817.0,243679048.0,2002.0,1564.0,0.0,0.0,-0.0,-1.0,-1.0,0.0
818.0,243681053.0,2005.0,1564.0,0.0,0.0,-0.0,-1.0,-1.0,0.0
819.0,243683058.0,2005.0,1564.0,0.0,0.0,-0.0,-1.0,-1.0,0.0
820.0,243685058.0,2000.0,1564.0,0.0,0.0,-0.0,-1.0,-1.0,0.0
821.0,243687058.0,2000.0,1564.0,0.0,0.0,-0.0,-1.0,-1.0,0.0
822.0,243689058.0,2000.0,1564.0,0.0,0.0,-0.0,-1.0,-1.0,0.0
823.0,243691058.0,2000.0,1564.0,0.0,0.0,-0.0,-1.0,-1.0,0.0
824.0,243693058.0,2000.0,1564.0,0.0,0.0,-0.0,-1.0,-1.0,0.0
825.0,243695058.0,2000.0,1564.0,0.0,0.0,-0.0,72.0,103.0,0.0
826.0,243697062.0,2004.0,1564.0,0.0,0.0,-0.0,-1.0,-1.0,0.0
827.0,243699066.0,2004.0,1564.0,0.0,0.0,-0.0,-1.0,-1.0,0.0
828.0,243701071.0,2005.0,1564.0,0.0,0.0,-0.0,-1.0,-1.0,0.0
829.0,243703077.0,2006.0,1564.0,0.0,0.0,-0.0,-1.0,-1.0,0.0
830.0,243705082.0,2005.0,1564.0,0.0,0.0,-0.0,-1.0,-1.0,0.0
831.0,243707085.0,2003.0,1564.0,0.0,0.0,-0.0,-1.0,-1.0,0.0
832.0,243709089.0,2004.0,1564.0,0.0,0.0,-0.0,-1.0,-1.0,0.0
833.0,243711089.0,2000.0,1564.0,0.0,0.0,-0.0,-1.0,-1.0,0.0
834.0,243713093.0,2004.0,1564.0,0.0,0.0,-0.0,-1.0,-1.0,0.0
835.0,243715096.0,2003.0,1564.0,0.0,0.0,-0.0,-1.0,-1.0,0.0
836.0,243717097.0,2001.0,1564.0,0.0,0.0,-0.0,-1.0,-1.0,0.0
837.0,243719097.0,2000.0,1564.0,0.0,0.0,-0.0,-1.0,-1.0,0.0
838.0,243721100.0,2003.0,1564.0,0.0,0.0,-0.0,-1.0,-1.0,0.0
839.0,243723100.0,2000.0,1564.0,0.0,0.0,-0.0,-1.0,-1.0,0.0
840.0,243725101.0,2001.0,1564.0,0.0,0.0,-0.0,-1.0,-1.0,0.0
841.0,243727103.0,2002.0,1564.0,0.0,0.0,-0.0,-1.0,-1.0,0.0
842.0,243729104.0,2001.0,1564.0,0.0,0.0,-0.0,-1.0,-1.0,0.0
843.0,243731104.0,2000.0,1564.0,0.0,0.0,-0.0,-1.0,-1.0,0.0
844.0,243733107.0,2003.0,1564.0,0.0,0.0,-0.0,-1.0,-1.0,0.0
845.0,243735108.0,2001.0,1564.0,0.0,0.0,-0.0,-1.0,-1.0,0.0
846.0,243737115.0,2007.0,1564.0,0.0,0.0,-0.0,-1.0,-1.0,0.0
847.0,243739119.0,2004.0,1564.0,0.0,0.0,-0.0,-1.0,-1.0,0.0
848.0,243741123.0,2004.0,1564.0,0.0,0.0,-0.0,-1.0,-1.0,0.0
849.0,243743129.0,2006.0,1564.0,0.0,0.0,-0.0,-1.0,-1.0,0.0
850.0,243745134.0,2005.0,1564.0,0.0,0.0,-0.0,72.0,103.0,0.0
851.0,243747141.0,2007.0,1564.0,0.0,0.0,-0.0,-1.0,-1.0,0.0
852.0,243749145.0,2004.0,1564.0,0.0,0.0,-0.0,-1.0,-1.0,0.0
853.0,243751152.0,2007.0,1564.0,0.0,0.0,-0.0,-1.0,-1.0,0.0
854.0,243753156.0,2004.0,1564.0,0.0,0.0,-0.0,-1.0,-1.0,0.0
855.0,243755159.0,2003.0,1564.0,0.0,0.0,-0.0,-1.0,-1.0,0.0
856.0,243757163.0,2004.0,1564.0,0.0,0.0,-0.0,-1.0,-1.0,0.0
857.0,243759163.0,2000.0,1564.0,0.0,0.0,-0.0,-1.0,-1.0,0.0
858.0,243761167.0,2004.0,1564.0,0.0,0.0,-0.0,-1.0,-1.0,0.0
859.0,243763167.0,2000.0,1564.0,0.0,0.0,-0.0,-1.0,-1.0,0.0
860.0,243765171.0,2004.0,1564.0,0.0,0.0,-0.0,-1.0,-1.0,0.0
861.0,243767174.0,2003.0,1564.0,0.0,0.0,-0.0,-1.0,-1.0,0.0
862.0,243769174.0,2000.0,1564.0,0.0,0.0,-0.0,-1.0,-1.0,0.0
863.0,243771174.0,2000.0,1564.0,0.0,0.0,-0.0,-1.0,-1.0,0.0
864.0,243773174.0,2000.0,1564.0,0.0,0.0,-0.0,-1.0,-1.0,0.0
865.0,243775174.0,2000.0,1564.0,0.0,0.0,-0.0,-1.0,-1.0,0.0
866.0,243777174.0,2000.0,1564.0,0.0,0.0,-0.0,-1.0,-1.0,0.0
867.0,243779174.0,2000.0,1564.0,0.0,0.0,-0.0,-1.0,-1.0,0.0
868.0,243781174.0,2000.0,1564.0,0.0,0.0,-0.0,-1.0,-1.0,0.0
869.0,243783175.0,2001.0,1564.0,0.0,0.0,-0.0,-1.0,-1.0,0.0
870.0,243785178.0,2003.0,1564.0,0.0,0.0,-0.0,-1.0,-1.0,0.0
871.0,243787181.0,2003.0,1564.0,0.0,0.0,-0.0,-1.0,-1.0,0.0
872.0,243789182.0,2001.0,1564.0,0.0,0.0,-0.0,-1.0,-1.0,0.0
873.0,243791185.0,2003.0,1564.0,0.0,0.0,-0.0,-1.0,-1.0,0.0
874.0,243793186.0,2001.0,1564.0,0.0,0.0,-0.0,-1.0,-1.0,0.0
875.0,243795189.0,2003.0,1564.0,0.0,0.0,-0.0,72.0,103.0,0.0
876.0,243797189.0,2000.0,1564.0,0.0,0.0,-0.0,-1.0,-1.0,0.0
877.0,243799189.0,2000.0,1564.0,0.0,0.0,-0.0,-1.0,-1.0,0.0
878.0,243801189.0,2000.0,1564.0,0.0,0.0,-0.0,-1.0,-1.0,0.0
879.0,243803189.0,2000.0,1564.0,0.0,0.0,-0.0,-1.0,-1.0,0.0
880.0,243805189.0,2000.0,1564.0,0.0,0.0,-0.0,-1.0,-1.0,0.0
881.0,243807189.0,2000.0,1564.0,0.0,0.0,-0.0,-1.0,-1.0,0.0
882.0,243809189.0,2000.0,1564.0,0.0,0.0,-0.0,-1.0,-1.0,0.0
883.0,243811189.0,2000.0,1564.0,0.0,0.0,-0.0,-1.0,-1.0,0.0
884.0,243813189.0,2000.0,1564.0,0.0,0.0,-0.0,-1.0,-1.0,0.0
885.0,243815189.0,2000.0,1564.0,0.0,0.0,-0.0,-1.0,-1.0,0.0
886.0,243817189.0,2000.0,1564.0,0.0,0.0,-0.0,-1.0,-1.0,0.0
887.0,243819189.0,2000.0,1564.0,0.0,0.0,-0.0,-1.0,-1.0,0.0
888.0,243821189.0,2000.0,1564.0,0.0,0.0,-0.0,-1.0,-1.0,0.0
889.0,243823189.0,2000.0,1564.0,0.0,0.0,-0.0,-1.0,-1.0,0.0
890.0,243825189.0,2000.0,1564.0,0.0,0.0,-0.0,-1.0,-1.0,0.0
891.0,243827189.0,2000.0,1564.0,0.0,0.0,-0.0,-1.0,-1.0,0.0
892.0,243829189.0,2000.0,1564.0,0.0,0.0,-0.0,-1.0,-1.0,0.0
893.0,243831189.0,2000.0,1564.0,0.0,0.0,-0.0,-1.0,-1.0,0.0
894.0,243833189.0,2000.0,1564.0,0.0,0.0,-0.0,-1.0,-1.0,0.0
895.0,243835189.0,2000.0,1564.0,0.0,0.0,-0.0,-1.0,-1.0,0.0
896.0,243837189.0,2000.0,1564.0,0.0,0.0,-0.0,-1.0,-1.0,0.0
897.0,243839189.0,2000.0,1564.0,0.0,0.0,-0.0,-1.0,-1.0,0.0
898.0,243841189.0,2000.0,1564.0,0.0,0.0,-0.0,-1.0,-1.0,0.0
899.0,243843189.0,2000.0,1564.0,0.0,0.0,-0.0,-1.0,-1.0,0.0
900.0,243845189.0,2000.0,1564.0,0.0,0.0,-0.0,72.0,103.0,0.0
901.0,243847189.0,2000.0,1564.0,0.0,0.0,-0.0,-1.0,-1.0,0.0
902.0,243849189.0,2000.0,1564.0,0.0,0.0,-0.0,-1.0,-1.0,0.0
903.0,243851189.0,2000.0,1564.0,0.0,0.0,-0.0,-1.0,-1.0,0.0
904.0,243853189.0,2000.0,1564.0,0.0,0.0,-0.0,-1.0,-1.0,0.0
905.0,243855189.0,2000.0,1564.0,0.0,0.0,-0.0,-1.0,-1.0,0.0
906.0,243857189.0,2000.0,1564.0,0.0,0.0,-0.0,-1.0,-1.0,0.0
907.0,243859189.0,2000.0,1564.0,0.0,0.0,-0.0,-1.0,-1.0,0.0
908.0,243861189.0,2000.0,1564.0,0.0,0.0,-0.0,-1.0,-1.0,0.0
909.0,243863189.0,2000.0,1564.0,0.0,0.0,-0.0,-1.0,-1.0,0.0
910.0,243865189.0,2000.0,1564.0,0.0,0.0,-0.0,-1.0,-1.0,0.0
911.0,243867189.0,2000.0,1564.0,0.0,0.0,-0.0,-1.0,-1.0,0.0
912.0,243869189.0,2000.0,1564.0,0.0,0.0,-0.0,-1.0,-1.0,0.0
913.0,243871189.0,2000.0,1564.0,0.0,0.0,-0.0,-1.0,-1.0,0.0
914.0,243873189.0,2000.0,1564.0,0.0,0.0,-0.0,-1.0,-1.0,0.0
915.0,243875189.0,2000.0,1564.0,0.0,0.0,-0.0,-1.0,-1.0,0.0
916.0,243877189.0,2000.0,1564.0,0.0,0.0,-0.0,-1.0,-1.0,0.0
917.0,243879189.0,2000.0,1564.0,0.0,0.0,-0.0,-1.0,-1.0,0.0
918.0,243881189.0,2000.0,1564.0,0.0,0.0,-0.0,-1.0,-1.0,0.0
919.0,243883189.0,2000.0,1564.0,0.0,0.0,-0.0,-1.0,-1.0,0.0
920.0,243885189.0,2000.0,1564.0,0.0,0.0,-0.0,-1.0,-1.0,0.0
921.0,243887189.0,2000.0,1564.0,0.0,0.0,-0.0,-1.0,-1.0,0.0
922.0,243889189.0,2000.0,1564.0,0.0,0.0,-0.0,-1.0,-1.0,0.0
